Name,Math,English,Ukrainian,Privilege,Score,isAccepted
Katherine Brewer,200.0,179.07,191.16,True,191.07,True
Brian Murray,197.37,176.18,189.37,True,188.61,True
William Myers,184.17,180.92,200.0,True,187.94,True
John Brown,168.95,200.0,200.0,True,187.58,True
Joseph Wheeler,195.62,168.64,193.16,True,186.79,True
Dr. Eric Henderson MD,185.37,176.07,198.55,True,186.53,True
Brittany Gallagher,191.34,168.06,195.22,True,185.52,True
John Olson,169.04,189.71,200.0,True,184.53,True
Cindy Tucker,200.0,200.0,146.89,True,184.07,True
Elizabeth Young,171.64,185.48,197.14,True,183.44,True
Mary Faulkner,173.11,200.0,180.33,True,183.34,True
Ariel Walker,178.72,200.0,172.61,True,183.27,True
Thomas Bell,175.35,200.0,177.06,True,183.26,True
Jasmine Johnson,176.86,180.73,193.83,True,183.11,True
Marc Rogers,179.27,172.81,197.94,True,182.93,True
Christopher Rowe,182.85,165.16,200.0,True,182.69,True
Tony Thomas,171.69,200.0,179.65,True,182.57,True
Roy Vazquez,181.29,175.45,190.23,True,182.22,True
Mallory Gallegos,176.75,193.82,176.58,True,181.82,True
Sharon Cruz,176.44,191.88,178.26,True,181.62,True
Robert Barr,173.4,200.0,172.2,True,181.02,True
Ashley Silva,188.74,151.15,200.0,True,180.84,True
Wanda Schmidt,157.62,190.59,200.0,True,180.23,True
Christy Gray,179.7,168.44,192.45,True,180.14,True
Timothy Wang,176.32,197.67,167.37,True,180.04,True
Aaron Jenkins,167.65,188.85,187.49,True,179.96,True
Joshua Burton,191.27,155.78,188.68,True,179.85,True
Jacob Brooks,185.37,175.07,177.06,True,179.79,True
Jim Smith MD,174.06,175.59,191.42,True,179.73,True
Emily Sullivan,171.17,188.21,182.32,True,179.63,True
Helen Gill,178.6,187.65,172.34,True,179.44,True
Alyssa Rose,192.43,190.25,150.41,True,179.17,True
Adam Scott,178.83,181.32,176.66,True,178.92,True
Victoria Reynolds,183.83,169.64,181.5,True,178.87,True
Mrs. Alicia Alexander DVM,177.16,169.62,190.24,True,178.82,True
April Lewis,199.44,199.99,198.17,False,199.22,True
Deanna Burke,197.88,200.0,200.0,False,199.15,True
Kristine Mccormick,200.0,195.71,200.0,False,198.71,True
Raymond Fisher,200.0,188.15,200.0,False,196.44,True
Anna Jefferson,200.0,200.0,186.93,False,196.08,True
Suzanne Johnson,189.37,200.0,200.0,False,195.75,True
Natalie Meyers,197.75,188.26,200.0,False,195.58,True
Mr. Lee Mann,196.89,190.38,198.2,False,195.33,True
Madison Sanchez,192.49,196.51,196.11,False,194.78,True
Benjamin Davidson,200.0,200.0,182.14,False,194.64,True
Amy Dillon,200.0,180.81,200.0,False,194.24,True
Frank Smith,200.0,180.05,200.0,False,194.01,True
Stacey Moore,194.91,198.81,187.91,False,193.98,True
Michael Alexander,200.0,178.77,200.0,False,193.63,True
Chris Douglas,191.99,198.52,190.69,False,193.56,True
David Rogers,199.73,200.0,178.18,False,193.35,True
David Morton,190.12,190.75,200.0,False,193.27,True
Christopher Espinoza,188.69,200.0,191.25,False,192.85,True
Sarah Sampson,190.36,190.27,198.59,False,192.8,True
Mrs. Jacqueline Rogers,200.0,180.92,193.01,False,192.18,True
Tracy Rice,200.0,182.89,190.63,False,192.06,True
Drew Davies,200.0,173.15,200.0,False,191.94,True
Natalie Guzman,198.63,194.55,180.27,False,191.9,True
Philip Parker,192.73,200.0,182.48,False,191.84,True
Christopher Dixon,181.19,197.31,200.0,False,191.67,True
Christopher Mann,192.87,181.55,200.0,False,191.61,True
Anthony Mcmillan,200.0,200.0,171.09,False,191.33,True
Lauren Gamble,184.42,200.0,191.54,False,191.23,True
Lauren Taylor,177.87,200.0,200.0,False,191.15,True
Kimberly Barajas,191.04,184.19,198.15,False,191.12,True
Stephanie Walker,181.34,200.0,195.22,False,191.1,True
Nicholas Branch,191.32,185.64,195.77,False,190.95,True
Kimberly Gonzalez,187.11,186.26,200.0,False,190.72,True
Michael Hayes,189.96,200.0,182.19,False,190.64,True
Sheila Smith,199.33,186.05,183.61,False,190.63,True
Deanna Jones,197.85,186.96,184.57,False,190.6,True
Isaac Flores,183.06,191.2,200.0,False,190.58,True
Susan Stanton,188.11,187.85,196.01,False,190.4,True
Michael Friedman,192.64,189.91,187.76,False,190.36,True
John Miller,181.4,199.9,192.12,False,190.17,True
Erica Kaufman,188.02,189.72,192.87,False,189.98,True
Michelle Lara,191.97,200.0,176.81,False,189.83,True
Janet Goodman,183.48,187.72,200.0,False,189.71,True
Antonio Christensen,189.65,184.62,194.53,False,189.61,True
Monica Downs,183.79,186.94,200.0,False,189.6,True
David Lin,187.41,200.0,181.57,False,189.44,True
Natalie Chapman,173.52,200.0,200.0,False,189.41,True
Heather Mullins,184.06,200.0,185.62,False,189.31,True
Brian Galvan,173.53,200.0,198.91,False,189.08,True
Keith Adams,194.96,191.62,178.15,False,188.91,True
Jeffrey Fox,189.19,179.87,197.25,False,188.81,True
Samantha Webster,197.43,179.99,186.11,False,188.8,True
Jennifer Williams,186.14,180.24,200.0,False,188.53,True
Jamie Woods,200.0,173.57,188.08,False,188.49,True
Jeremy Martin,179.36,198.35,190.49,False,188.4,True
Daniel Gibson,183.0,183.98,200.0,False,188.39,True
Zachary Thompson,192.37,170.7,200.0,False,188.16,True
Jeffery Mitchell,182.77,198.38,184.81,False,188.07,True
Christopher Paul,173.14,195.66,200.0,False,187.96,True
Tony Clark,188.11,200.0,175.69,False,187.95,True
Barbara Porter,189.83,174.4,198.92,False,187.93,True
Antonio Harris,177.49,189.7,200.0,False,187.9,True
Rhonda Morris,197.8,191.84,170.44,False,187.81,True
Justin Butler,193.11,186.6,181.68,False,187.73,True
Anne Gonzalez,191.97,173.64,196.13,False,187.72,True
Jared Miller,200.0,188.9,169.84,False,187.62,True
Trevor Nielsen,179.85,200.0,185.42,False,187.57,True
Gabrielle Torres,191.25,183.32,186.71,False,187.51,True
Linda Kelly,200.0,183.38,174.69,False,187.42,True
Jeanne Jefferson,173.01,193.97,200.0,False,187.4,True
Susan Turner,184.46,198.16,180.25,False,187.31,True
Anthony Stevenson,190.19,170.49,200.0,False,187.22,True
Ryan Jackson,188.32,172.75,200.0,False,187.15,True
Alexander Guzman,197.25,198.88,161.89,False,187.13,True
Brittney Potts,189.29,171.22,200.0,False,187.08,True
Kelly Smith,184.89,178.31,198.34,False,186.95,True
Aaron Jackson,178.1,188.36,196.56,False,186.72,True
Christian Wong,186.22,196.31,177.27,False,186.57,True
John Collins,186.5,190.45,182.58,False,186.51,True
Jessica Barrett,198.17,162.17,195.28,False,186.5,True
Emily Sosa,172.45,191.68,200.0,False,186.49,True
Travis Robertson,176.69,185.9,200.0,False,186.45,True
Vincent Winters,172.16,191.92,200.0,False,186.44,True
Tyler Jones DDS,187.11,172.63,199.11,False,186.36,True
Mary Lucas,185.57,184.37,188.63,False,186.13,True
Stacey Stein,198.94,189.16,165.73,False,186.04,True
Stephanie Clark,183.51,183.64,191.68,False,186.0,True
Michael Jones,200.0,161.39,191.25,False,185.79,True
Christopher Hansen,178.92,198.66,181.91,False,185.74,True
Pamela Russell,180.65,191.88,186.19,False,185.68,True
Dr. William Carey,165.11,200.0,198.56,False,185.61,True
Brandon Castro,175.89,200.0,184.03,False,185.56,True
Jennifer Arnold,190.87,198.96,165.06,False,185.55,True
Charles Flores,185.06,176.62,194.86,False,185.47,True
Cathy Hardin,181.19,185.07,191.45,False,185.43,True
Todd Taylor,189.07,200.0,165.92,False,185.4,True
Gary Adams,175.67,183.84,199.94,False,185.4,True
Stacey Jones,179.1,196.95,182.21,False,185.39,True
Tara Gentry,197.39,190.68,164.01,False,185.36,True
Leslie Martinez,199.11,193.28,158.92,False,185.3,True
Kari Bailey,184.63,171.41,200.0,False,185.28,True
Kevin Douglas,185.55,178.23,191.94,False,185.27,True
Tara Garcia,163.03,200.0,200.0,False,185.21,True
Paul Harris,182.54,181.74,192.23,False,185.21,True
Cory Green,182.99,177.4,195.94,False,185.2,True
James Hoffman,192.42,200.0,160.67,False,185.17,True
Amber Perkins,188.32,176.48,189.67,False,185.17,True
Christina Romero,183.22,186.44,186.24,False,185.09,True
Kevin Hines Jr.,162.67,200.0,200.0,False,185.07,True
Jonathan Vargas,180.78,191.92,183.81,False,185.03,True
Susan Fowler,180.17,197.32,179.21,False,185.03,True
Keith Peters,196.43,196.73,158.05,False,185.0,True
James Roman,185.23,199.67,170.02,False,185.0,True
Brooke Rhodes,181.1,179.43,195.73,False,184.99,True
Jason Nguyen,181.81,174.05,200.0,False,184.94,True
Sean Lopez,200.0,177.48,172.25,False,184.92,True
Darrell Long,189.4,200.0,163.15,False,184.7,True
Billy Wilkinson,185.32,188.95,179.55,False,184.68,True
David Nguyen,181.78,187.68,185.51,False,184.67,True
Daniel Brooks,177.1,189.15,189.85,False,184.54,True
Robert Stanton,182.43,171.75,200.0,False,184.5,True
Joseph Short,191.45,188.15,171.41,False,184.45,True
Mark Berger,191.59,187.33,172.03,False,184.45,True
Cody Collins,168.75,191.51,198.32,False,184.45,True
Victoria Baker,174.37,200.0,182.19,False,184.41,True
Sarah Hall,194.64,186.25,168.81,False,184.38,True
Joshua Franco,176.37,200.0,179.27,False,184.33,True
Katherine Baker,183.55,187.25,182.31,False,184.29,True
Austin Walker,188.33,191.28,171.72,False,184.23,True
Rebecca Lam,193.88,170.31,185.25,False,184.22,True
Dr. Laura Hammond MD,174.09,200.0,181.72,False,184.15,True
John Dean,189.85,186.0,174.69,False,184.15,True
James Kelly,161.66,200.0,198.01,False,184.07,True
Troy Boone,190.64,185.93,173.44,False,184.06,True
Danielle Morris,187.71,183.53,179.71,False,184.06,True
Brian Gross,200.0,159.45,187.34,False,184.03,True
Daniel Wilson,185.3,174.14,192.09,False,183.99,True
Virginia Johnson,198.22,168.4,180.56,False,183.98,True
Craig Wang,170.51,188.11,197.73,False,183.95,True
Bobby Mathis,200.0,177.91,168.55,False,183.94,True
Alexandra Larson,199.44,183.45,163.67,False,183.91,True
Michael Mahoney,189.65,172.91,187.19,False,183.89,True
Clifford Jacobs,179.5,178.61,194.57,False,183.75,True
Samuel Martinez,180.32,172.0,200.0,False,183.73,True
Marissa West,182.96,200.0,168.51,False,183.73,True
Dawn Mcfarland,189.97,159.1,200.0,False,183.72,True
Kimberly Bradford,169.62,194.51,191.62,False,183.68,True
Janet Stanton,176.89,176.32,200.0,False,183.65,True
Katherine Jackson,177.47,192.48,182.97,False,183.62,True
Diana Crosby,173.59,187.45,193.1,False,183.6,True
Erin Mitchell,173.21,193.91,187.09,False,183.58,True
Cathy Wood,182.33,188.09,180.61,False,183.54,True
Danny Robles,199.63,170.2,175.27,False,183.49,True
Kevin Turner,183.35,182.08,185.07,False,183.49,True
Jessica Murphy DDS,181.06,192.41,177.56,False,183.41,True
Daisy Gray,183.31,166.78,200.0,False,183.36,True
Diana Morgan,190.13,168.41,189.24,False,183.34,True
Robin Roberts,192.64,157.99,196.3,False,183.34,True
Brandy Schmidt,181.39,198.66,170.55,False,183.32,True
Ethan Green,171.02,191.93,190.27,False,183.07,True
Anthony Foster,176.31,175.16,199.92,False,183.05,True
Dana Smith,193.85,187.18,164.35,False,183.0,True
Mason Mccall,168.71,187.97,197.09,False,183.0,True
Amanda Haynes,181.73,183.43,184.27,False,183.0,True
Jennifer Douglas,200.0,167.57,175.7,False,182.98,True
Michael Taylor,193.3,178.77,173.39,False,182.97,True
Eric Hinton,184.01,178.48,185.92,False,182.92,True
Jonathan Elliott,181.84,182.86,184.34,False,182.9,True
Robert Zamora,188.22,198.86,159.69,False,182.85,True
Mrs. Anna Robles MD,193.0,160.55,191.57,False,182.84,True
Sean Snyder,190.97,167.89,186.59,False,182.73,True
Lisa Wallace,189.34,162.39,194.24,False,182.73,True
Jeanne Fisher,186.17,168.75,192.12,False,182.73,True
Jonathan Chapman,192.62,200.0,152.23,False,182.72,True
Richard Melton,173.1,194.79,183.42,False,182.71,True
Vanessa Martinez,199.91,181.26,161.11,False,182.68,True
Daniel Rodriguez,167.54,200.0,185.44,False,182.65,True
Michael Lawson,186.26,186.44,173.97,False,182.63,True
Adam Frederick,172.09,190.74,188.29,False,182.55,True
Richard Sanchez,180.88,190.42,176.83,False,182.53,True
Crystal Cain,195.0,178.06,170.32,False,182.51,True
Tom Martinez,195.07,170.42,177.81,False,182.5,True
Jason Campbell,194.0,149.62,200.0,False,182.48,True
Garrett Duncan,197.78,158.08,186.39,False,182.45,True
Lauren Clark,169.63,190.95,190.76,False,182.37,True
William Medina,200.0,180.62,160.41,False,182.31,True
Cameron Collins,200.0,165.37,175.56,False,182.28,True
Ian Miller,175.58,177.41,196.02,False,182.26,True
Stephanie Peterson,200.0,195.04,145.78,False,182.25,True
Tracy Ramirez,162.24,200.0,191.19,False,182.25,True
Aaron Cross,192.67,171.72,178.87,False,182.24,True
Maria Smith,194.8,166.49,181.18,False,182.22,True
Kristen Thompson,180.73,200.0,166.39,False,182.21,True
Mrs. Susan Wiley,171.6,183.54,194.92,False,182.18,True
Shane Cooley,200.0,184.46,156.15,False,182.18,True
Lori Williamson,169.69,180.99,200.0,False,182.17,True
Michael Hayes,183.91,173.87,188.12,False,182.16,True
Anthony Molina,173.34,200.0,176.06,False,182.15,True
Pamela Thomas,183.78,186.22,175.83,False,182.13,True
Tammy Jones MD,184.2,200.0,161.19,False,182.04,True
Justin Perez,163.64,200.0,188.5,False,182.01,True
Maria Rodriguez,175.49,172.67,200.0,False,181.99,True
Monica Johnson,200.0,152.09,187.8,False,181.97,True
Maurice Wilson,188.21,163.68,191.9,False,181.96,True
Jamie Smith,191.68,183.35,167.39,False,181.89,True
Kelly Stanley,189.35,153.82,200.0,False,181.89,True
Megan Sutton,184.2,200.0,160.65,False,181.87,True
Thomas Huff,180.62,196.32,169.07,False,181.86,True
Kimberly Larsen,183.08,181.24,180.79,False,181.84,True
Ethan Roberts,190.25,161.12,191.25,False,181.81,True
Katherine Walker,185.3,186.69,172.25,False,181.8,True
Frederick Rice,169.97,179.35,200.0,False,181.8,True
Chad Martinez,191.34,171.33,179.5,False,181.79,True
Ronald Ray,174.55,172.9,200.0,False,181.69,True
Dominic Jennings,200.0,154.66,183.88,False,181.56,True
Shane Best,180.19,164.85,200.0,False,181.53,True
Stephen Jackson,186.07,172.39,184.27,False,181.42,True
Mark Lee,187.85,180.5,173.5,False,181.34,True
Robert Rodriguez,179.45,176.04,189.12,False,181.33,True
Susan Hanson,185.44,169.94,187.18,False,181.31,True
Kathryn Walker,175.09,179.95,190.89,False,181.29,True
Kyle Mendoza,171.85,174.86,200.0,False,181.2,True
Kevin Gray DDS,174.04,171.89,200.0,False,181.18,True
Timothy Doyle,180.54,189.62,173.55,False,181.17,True
Charlotte Reyes,200.0,190.69,146.37,False,181.12,True
Courtney Carey,189.04,197.97,153.71,False,181.12,True
Annette Fowler,190.06,174.57,175.56,False,181.06,True
James Nichols,188.67,183.58,168.35,False,181.05,True
Joseph Anderson,200.0,167.2,169.45,False,181.0,True
Sarah Villa,178.22,200.0,165.68,False,180.99,True
Angela Adams,187.01,166.66,187.21,False,180.97,True
Jennifer Lewis,180.07,182.17,180.95,False,180.96,True
Kevin Ramsey,183.07,191.32,167.71,False,180.94,True
John Clark,183.7,166.75,191.42,False,180.93,True
Sarah Ashley,152.23,200.0,200.0,False,180.89,True
Alice Hodge,156.63,194.06,200.0,False,180.87,True
Anthony Carpenter,188.38,156.81,194.87,False,180.86,True
Julie Alvarez,185.36,173.85,181.7,False,180.81,True
Christopher Davis,181.24,167.07,193.91,False,180.79,True
Stacy Cochran,189.81,175.71,173.82,False,180.78,True
Carrie Anderson,177.39,179.61,186.1,False,180.67,True
Andrea Durham,186.21,186.59,167.26,False,180.64,True
Rebecca Bauer,193.99,156.06,187.41,False,180.64,True
Tasha Marks,192.87,184.67,160.17,False,180.6,True
Jessica Lewis,178.66,183.95,179.73,False,180.57,True
Erin Boone,151.36,200.0,200.0,False,180.54,True
Dylan Wade,200.0,183.36,151.74,False,180.53,True
Teresa Schmidt,188.44,166.01,184.52,False,180.53,True
Glenn Mckenzie,180.14,181.86,179.69,False,180.52,True
Cathy Jenkins,186.8,157.11,195.51,False,180.51,True
Julie Stephens,187.53,173.3,178.34,False,180.5,True
Jesse Valdez,183.3,174.26,182.98,False,180.49,True
David Edwards,174.36,169.12,200.0,False,180.48,True
James Ramirez,199.44,167.7,167.94,False,180.47,True
Christopher Rodriguez,194.29,193.43,148.96,False,180.43,True
Jill Watkins,177.41,193.2,171.67,False,180.43,True
Stephanie Brown,170.76,200.0,173.73,False,180.42,True
Lisa Pittman,173.08,178.8,191.76,False,180.4,True
Michael Blair,177.59,168.74,195.78,False,180.39,True
Philip Lawson,170.44,182.22,191.81,False,180.38,True
Blake Stevens,200.0,167.04,167.56,False,180.38,True
Blake Price,165.87,195.4,184.58,False,180.34,True
James Nixon,197.51,188.01,149.74,False,180.33,True
Tammy Ingram,171.15,183.99,188.81,False,180.3,True
Margaret Mcneil,195.66,179.77,160.31,False,180.29,True
Brittany Brooks,165.96,179.65,200.0,False,180.28,True
Nicolas Patel,170.14,191.23,182.86,False,180.28,True
Danielle Ramirez,186.21,179.11,173.49,False,180.27,True
John Le,200.0,171.39,162.85,False,180.27,True
Stacy Collins,198.25,179.14,157.38,False,180.25,True
Heather Mullins,200.0,170.84,163.34,False,180.25,True
Mary Hart,186.3,164.42,187.93,False,180.23,True
Alexis Woods,187.62,183.61,166.86,False,180.19,True
Kenneth Miller,174.62,183.94,183.8,False,180.17,True
Alexander Lee,164.62,181.01,200.0,False,180.15,True
Lydia Rivera,186.53,183.36,168.42,False,180.15,True
Lorraine Berry,180.63,164.64,195.03,False,180.15,True
Rebecca Brown,178.31,171.1,191.59,False,180.13,True
Allison Rodriguez,192.68,182.0,161.47,False,180.11,True
Ashley Fox,176.66,171.77,192.91,False,180.07,True
Barry Lawrence,173.57,190.46,178.26,False,180.05,True
Jennifer Collins,195.06,161.05,178.98,False,180.03,True
Erica Sanchez,182.05,157.28,200.0,False,180.01,True
Michael Thomas,185.2,173.16,179.88,False,179.99,True
Richard Wise,184.88,168.01,185.46,False,179.99,True
Mr. Jeffery Esparza,178.91,171.58,189.8,False,179.98,True
Shannon Ball,172.71,200.0,169.43,False,179.91,True
Dr. Tina Cole,180.65,179.91,178.85,False,179.89,True
Kimberly Hall,179.25,175.63,184.91,False,179.86,True
Mrs. Michele Williams,162.02,199.31,184.09,False,179.83,True
Marcus King,177.02,179.57,183.79,False,179.82,True
Debbie Jones,159.42,200.0,186.78,False,179.8,True
Karen Cisneros,179.13,200.0,160.27,False,179.73,True
Brenda Alvarez,197.54,173.37,162.25,False,179.7,True
Aaron Bennett,172.01,183.75,185.85,False,179.68,True
Michael Rodriguez,159.25,200.0,186.6,False,179.68,True
Carl Wong,180.69,157.96,200.0,False,179.67,True
Phillip Fitzpatrick,184.15,153.35,200.0,False,179.66,True
Maureen Wilkins,191.02,165.34,178.82,False,179.65,True
Anna Diaz,200.0,143.47,188.64,False,179.63,True
Jessica Duarte,190.93,165.69,178.41,False,179.6,True
Raymond Stone,165.75,186.27,191.01,False,179.48,True
Valerie Salazar,172.23,182.09,186.55,False,179.48,True
Abigail Vaughan,184.76,198.66,153.2,False,179.46,True
Mr. George Green,178.58,169.47,190.57,False,179.44,True
Timothy Johnson,173.17,171.36,195.84,False,179.43,True
Beth Moran,197.08,153.89,181.35,False,179.4,True
Samantha Hopkins,173.88,175.39,190.78,False,179.4,True
Matthew Best,161.6,182.47,200.0,False,179.38,True
Jillian Lynch,200.0,142.62,188.62,False,179.37,True
Dr. Rebecca Camacho,167.41,194.67,179.95,False,179.35,True
Carlos Clark,183.67,179.55,173.32,False,179.33,True
Emily Gordon,194.98,171.72,166.02,False,179.32,True
Katie Ford,185.94,160.92,188.84,False,179.3,True
Dr. Tamara Stone,172.33,183.39,184.5,False,179.3,True
Daniel Quinn,169.12,172.68,199.49,False,179.3,False
Collin Cochran DDS,163.53,200.0,179.6,False,179.29,False
Christopher Powell,177.42,199.38,161.64,False,179.27,False
Michelle Harris,183.69,166.46,186.14,False,179.26,False
Brandon Holmes,177.4,193.25,167.68,False,179.24,False
Kenneth Harris,191.0,170.81,171.98,False,179.23,False
Rhonda Gregory,182.12,189.15,165.44,False,179.22,False
John Reyes,188.43,179.33,166.79,False,179.21,False
Jennifer Woodward,184.17,174.27,177.24,False,179.12,False
Patrick Weaver,164.24,192.95,185.01,False,179.08,False
Amber King,185.57,166.38,183.01,False,179.04,False
Chelsea Shields,172.49,184.97,181.84,False,179.04,False
Alexandria Martin,200.0,162.37,167.75,False,179.04,False
Eric Oconnell,189.68,164.05,179.71,False,179.0,False
Cheryl Davis,169.3,180.7,190.15,False,178.98,False
Brian Shepherd,183.35,166.91,185.05,False,178.93,False
Brian Lawrence,171.73,180.91,186.46,False,178.9,False
Alex Barajas,174.82,195.71,167.54,False,178.9,False
Kimberly Allen,190.46,173.72,168.63,False,178.89,False
Tracy Gibson,176.52,160.93,200.0,False,178.89,False
Joshua Yoder,178.49,169.26,188.93,False,178.86,False
Norman Barker,174.85,170.24,192.76,False,178.84,False
Kelli Reynolds,186.74,185.16,161.82,False,178.79,False
Mary Morgan,171.96,187.7,178.85,False,178.75,False
Chris Crawford,166.72,174.02,199.54,False,178.75,False
Elizabeth Holmes,175.21,168.63,193.51,False,178.73,False
Donna Allen,175.71,181.36,180.1,False,178.72,False
Nicole Anderson,184.54,182.48,167.07,True,178.68,False
Daniel Jones,173.67,172.19,191.81,False,178.67,False
William Ramirez,174.57,162.83,200.0,True,178.67,False
Kyle Jennings,177.08,185.86,173.59,True,178.66,False
Caroline Miller,194.89,158.47,177.02,False,178.6,False
Frederick Castillo,168.94,179.47,190.55,False,178.58,False
Julia Moran,193.48,181.05,156.11,False,178.54,False
William Perez,176.64,190.23,169.33,False,178.53,False
Christopher Jackson,172.63,195.25,169.63,False,178.51,False
Tyler Jones,163.06,182.86,194.58,False,178.45,False
Timothy Jordan,179.49,172.89,182.57,False,178.43,False
Frank Walker,171.85,165.6,200.0,False,178.42,False
Logan Taylor,199.77,155.7,172.67,False,178.42,False
Ann Banks,172.47,188.04,176.71,False,178.41,False
Mrs. Heather Bradley,167.76,174.81,196.17,False,178.4,False
Joseph Riley,193.8,177.61,158.65,False,178.4,False
Kelli Curry,191.7,154.49,184.57,False,178.4,False
Robert Hunt,163.41,200.0,176.58,False,178.34,False
Valerie Sandoval,179.18,161.92,193.6,True,178.33,False
Michelle Obrien,179.19,160.56,194.9,True,178.32,False
Darryl Morales,192.62,171.9,165.56,False,178.28,False
Dustin Davis,190.69,171.84,168.14,False,178.27,False
Shawn Velez,190.6,140.1,200.0,False,178.27,False
Lisa Martinez,175.0,186.08,174.75,False,178.25,False
Christopher Velez,186.45,184.11,161.42,False,178.24,False
Timothy Hernandez,183.53,183.33,165.99,False,178.21,False
Brenda Horton,166.27,200.0,172.29,False,178.2,False
Christopher Diaz,164.96,173.95,200.0,False,178.17,False
Juan Bennett,170.6,196.18,170.2,False,178.16,False
Annette Maynard,192.02,176.42,161.42,False,178.16,False
Joseph Mitchell,158.88,181.88,200.0,False,178.12,False
Michael Thomas,166.72,200.0,171.36,False,178.1,False
Nicole Valdez,158.82,186.51,195.3,False,178.07,False
Kevin Thompson,187.71,164.22,179.02,False,178.06,False
Laura Ramos,188.61,176.06,165.96,False,178.05,False
Katrina Cole,186.14,150.47,194.82,False,178.04,False
Thomas Meyers,190.87,167.12,171.85,False,178.04,False
Abigail Deleon,169.95,170.77,196.06,False,178.03,False
Kara Burke,158.77,182.54,199.0,False,177.97,False
Karen Logan,178.34,180.26,175.19,False,177.97,False
Angela Wagner,177.29,190.68,166.0,False,177.92,False
Dr. Donna Briggs DVM,175.36,177.49,181.75,False,177.92,False
Trevor Sanchez,188.06,190.82,151.47,False,177.91,False
John Steele,196.32,168.13,163.17,False,177.91,False
Nathan Sullivan,200.0,154.52,171.75,False,177.88,False
Belinda Savage,199.38,178.42,148.56,False,177.85,False
Ruben Shields,177.7,158.04,197.82,False,177.84,False
Laura Horne,172.76,162.41,200.0,False,177.83,False
Charles Patterson,200.0,169.74,156.27,True,177.8,False
Desiree Morton,190.26,183.09,155.79,False,177.77,False
Barbara Wood,171.49,178.23,185.43,True,177.69,False
Christina Williams,200.0,171.69,153.84,False,177.66,False
Valerie Bowman,158.73,200.0,180.52,False,177.65,False
Rebekah Hansen,178.93,185.52,167.96,False,177.62,False
Douglas Lyons,194.59,176.41,156.18,False,177.61,False
Jennifer Mitchell,179.24,159.46,193.47,False,177.58,False
Brittany Perez,178.48,187.48,166.41,False,177.56,False
Mary Mann,173.7,189.86,170.22,False,177.5,False
Jose Wright,188.97,157.42,182.25,False,177.49,False
Teresa Morales,165.0,199.64,171.96,False,177.48,False
Michelle Arnold,174.63,158.68,200.0,False,177.46,False
Jasmine Brooks,166.79,169.06,200.0,True,177.44,False
Robert Hart,170.74,184.41,179.34,False,177.42,False
Carmen Allen,146.14,196.47,200.0,False,177.4,False
Jonathan Wilson,200.0,146.87,177.78,False,177.39,False
Clayton Fernandez,163.06,173.72,200.0,False,177.34,False
Joshua Thompson,200.0,184.88,139.58,False,177.34,False
Steven Ward,176.71,180.49,175.0,False,177.33,False
Michael Hernandez,169.68,195.68,169.15,False,177.32,False
Zachary Jones,189.19,180.28,158.49,False,177.31,False
Dawn Jackson,173.86,175.37,183.78,False,177.29,False
Amy Bray,170.29,187.28,176.6,False,177.28,False
Raymond Cruz,181.19,170.4,178.86,True,177.26,False
Mark Hobbs,161.2,200.0,175.93,False,177.26,False
Jasmine Mendoza,180.4,193.36,156.93,False,177.25,False
Brett Gonzales,183.24,183.37,163.1,False,177.24,False
Jennifer Robertson,173.53,159.37,200.0,False,177.22,False
Kathleen White,180.15,150.54,200.0,False,177.22,False
Jose Glass,188.94,187.22,151.46,False,177.18,False
Gregory Johnson,178.24,168.49,184.4,False,177.16,False
Sean Jacobson,200.0,167.72,156.14,False,177.16,False
Lawrence Lee,178.49,200.0,152.52,False,177.15,False
Mathew Perez,185.67,190.07,152.79,True,177.13,False
Frank Moody,174.2,170.08,188.11,False,177.13,False
Randall Diaz,155.1,197.38,186.24,False,177.13,False
Terry Wallace,182.31,163.46,183.88,False,177.12,False
Olivia Klein,163.69,200.0,172.06,False,177.09,False
Michael Oneill,181.51,170.13,178.17,False,177.09,False
Michelle Murphy,200.0,160.61,162.98,False,177.08,False
Eric Johnson,172.77,164.78,195.11,False,177.07,False
Karen Lowe,170.58,178.06,184.67,False,177.05,False
Doris Cruz,175.31,179.78,176.65,True,177.05,False
Gloria Ross,199.44,150.79,173.39,False,177.03,False
Michael Ward,186.42,180.64,160.89,False,177.03,False
Tami Moody,161.69,198.82,175.65,False,177.02,False
Kimberly Chavez,179.57,171.5,179.13,False,177.02,False
Jason Carter,178.25,200.0,152.39,False,177.01,False
Kimberly Andrews,175.44,173.73,182.34,False,177.0,False
Marcus Barker,169.42,164.09,200.0,False,177.0,False
Maria Wagner,174.26,157.6,200.0,False,176.99,False
Allison Everett,162.2,173.7,199.95,False,176.98,False
Jeffery Martinez,181.99,179.23,168.0,False,176.96,False
Mark Ramirez MD,178.61,151.59,200.0,False,176.92,False
Randy Ho,193.79,171.94,159.38,False,176.91,False
Juan Welch MD,173.72,192.46,165.57,False,176.9,False
Tasha Clark,184.0,156.93,187.28,True,176.86,False
Colleen Montoya,185.1,150.1,192.58,False,176.85,False
Katherine Harrington,180.19,182.08,167.16,False,176.85,False
Dr. Fernando Long,167.54,200.0,166.09,False,176.84,False
Victoria Patel,192.56,186.95,145.78,False,176.84,False
Matthew King,179.6,158.26,191.7,False,176.83,False
Frances Bird,198.82,150.46,173.86,False,176.82,False
Kelly Nixon,179.96,174.03,175.34,False,176.8,False
Gregory Phillips,169.81,162.83,200.0,False,176.77,False
Melissa Hall,179.28,173.1,177.03,False,176.75,False
Christopher Lang,164.67,190.71,178.86,False,176.74,False
Melissa Brown,181.3,164.42,182.94,False,176.73,False
William Bullock,160.42,186.66,188.56,False,176.73,False
Daniel Hall,179.99,149.07,200.0,False,176.72,False
Robert Burns,167.11,167.92,198.27,False,176.7,False
Emily Warren,170.28,161.9,200.0,False,176.68,False
Joseph Ayala,197.36,165.64,160.09,False,176.66,False
Stephanie Taylor,164.07,179.32,190.63,False,176.61,False
Robert Barton,200.0,165.72,156.32,False,176.61,False
Melanie Stephens,187.02,145.56,193.78,False,176.61,False
Scott Coffey,179.51,180.64,168.66,False,176.6,False
Andrew Reyes,182.59,146.94,198.26,False,176.59,False
Rose Smith,184.14,159.04,184.09,False,176.59,False
Pamela Washington,179.91,169.47,179.27,False,176.58,False
Austin Morales,181.29,181.07,165.66,False,176.54,False
Jimmy Ward,185.89,141.78,198.76,False,176.52,False
Dennis Wood,173.09,192.51,164.98,False,176.48,False
Bryan Harvey,150.41,196.87,190.86,False,176.48,False
Jane Jones,168.34,163.69,200.0,False,176.44,False
Joshua Pittman,172.58,200.0,157.95,False,176.42,False
Amy Yates,193.97,175.27,154.16,False,176.42,False
Daniel Butler,173.11,191.52,165.71,False,176.41,False
Ronnie Haas,182.38,144.83,200.0,False,176.4,False
Cameron Cole,166.15,181.54,184.93,False,176.4,False
Tony Robinson,178.01,166.6,183.93,False,176.36,False
Richard French,153.76,189.13,193.72,False,176.36,False
Aaron Gates,179.88,164.67,183.1,False,176.29,False
Nichole Coleman,198.63,160.62,162.16,True,176.29,False
Alan Vargas,168.5,200.0,162.91,False,176.27,False
David Henson,199.18,160.84,161.09,False,176.25,False
Brooke Perry,180.57,158.52,188.2,False,176.25,False
Melissa Robles,177.71,172.01,178.44,False,176.22,False
Beth Gordon,182.22,178.49,165.81,False,176.18,False
Kenneth Baldwin,178.07,175.41,174.41,False,176.17,False
Samuel Vang,173.07,156.48,200.0,False,176.17,False
Wyatt Bell,199.1,193.68,128.05,False,176.16,False
Kelsey Li,174.03,170.54,184.47,False,176.11,False
Beverly Chang,187.19,158.27,179.14,False,176.1,False
Heather Porter,157.6,200.0,176.88,False,176.1,False
Alex Lewis,191.52,165.69,165.95,True,176.1,False
David Bernard,172.89,189.54,166.89,False,176.08,False
Kimberly Montoya,173.04,200.0,156.15,False,176.06,False
Paula Kelly,176.67,192.65,158.62,False,176.05,False
Alexandria Ross,196.13,169.72,155.48,False,176.01,False
Colleen Clayton,189.61,175.39,158.46,False,176.0,False
Judy Campbell,160.96,198.84,173.06,False,175.96,False
Kimberly Lam,187.63,155.7,180.61,False,175.94,False
Christina Wood,189.97,176.73,156.39,False,175.92,False
Jasmine Jones,198.01,172.78,149.46,False,175.88,False
Katie Marshall,179.84,175.62,170.64,False,175.82,False
Kelly Clark,172.62,165.64,190.28,False,175.82,False
Kenneth Phillips,182.69,147.6,194.87,False,175.82,False
Jennifer Williams,173.46,162.94,191.79,False,175.8,False
Cynthia Copeland,190.21,184.24,148.16,True,175.8,False
Lori Kaiser,184.52,188.11,151.84,False,175.79,False
Jessica Brennan,180.69,146.05,198.98,False,175.78,False
Cassie Singleton,171.5,175.07,182.18,True,175.78,False
Wendy Lopez,180.5,182.64,162.43,False,175.72,False
Cynthia Hinton,180.4,188.98,156.2,False,175.71,False
Julie Gomez,184.95,182.83,156.21,True,175.69,False
Jesse Love,194.63,159.03,166.97,False,175.65,False
Amy Powell,165.54,200.0,164.7,True,175.63,False
Jacob Wiggins,194.62,151.08,174.73,False,175.59,False
Grace Smith,168.6,173.86,186.51,False,175.55,False
Jennifer Smith,189.97,159.14,172.73,False,175.55,False
Albert Arnold,181.05,167.5,176.19,False,175.53,False
Michael Martin,163.35,167.27,200.0,False,175.52,False
Jessica Wells,178.89,182.06,164.47,False,175.51,False
Lynn Hall,159.71,179.66,192.32,False,175.47,False
Joshua Gomez,180.45,169.63,174.62,False,175.45,False
John Wilson,173.99,152.8,200.0,False,175.44,False
Mrs. Rachel Armstrong,184.78,176.65,161.71,False,175.42,False
Robin Morgan,177.69,180.56,167.14,False,175.39,False
Leah Harris,189.79,154.71,176.78,False,175.36,False
Jason Graham,168.73,159.57,200.0,False,175.36,False
Stephen Avila,196.77,173.51,148.62,False,175.35,False
Benjamin Andrews,200.0,166.0,151.85,False,175.35,False
Jennifer Johnson,166.74,169.54,192.6,False,175.33,False
Amy Mcintyre,191.2,166.88,162.57,False,175.31,False
Michelle Thomas,172.31,180.89,173.64,False,175.28,False
Matthew Lee,175.9,164.29,185.43,False,175.27,False
Rebecca Barker,172.92,199.57,154.1,False,175.27,False
Laura Johnson,177.52,174.81,172.66,False,175.25,False
Jennifer Clark,165.08,194.94,169.11,True,175.25,False
Austin Moon,200.0,154.5,163.01,False,175.25,False
Thomas James,175.51,176.86,173.07,False,175.19,False
Lindsay Peters,151.47,192.72,189.29,False,175.19,False
Kyle Miller,174.46,165.31,186.02,False,175.18,False
Molly Morrison,186.1,148.06,187.73,False,175.18,False
Bradley Snow,159.14,182.63,189.09,False,175.17,False
Alicia Lucas,176.4,174.31,174.28,False,175.14,False
William Sandoval,171.56,169.41,185.63,False,175.13,False
Ashley Harris PhD,168.75,158.64,200.0,False,175.09,False
Michael Tucker,179.35,200.0,144.5,False,175.09,False
Steven Adams,173.18,178.93,173.71,False,175.06,False
Michele Miller,180.74,179.52,163.03,False,175.06,False
Alexander Day,179.27,177.64,166.77,False,175.03,False
Michael Flowers,171.05,163.42,191.95,False,175.03,False
Jasmine Martinez,174.21,194.86,156.25,False,175.02,False
Patricia Fox,191.04,172.17,156.49,False,175.01,False
Dr. Timothy Stephens,153.62,200.0,178.53,False,175.01,False
Matthew Lee,166.91,160.77,200.0,False,175.0,False
Kathy Coleman,196.52,154.07,167.16,False,174.98,False
Margaret Navarro,170.93,180.23,175.14,False,174.98,False
Jason Vaughn,183.61,183.83,154.37,False,174.9,False
Mr. Hunter Lopez,192.25,173.75,152.9,False,174.9,False
Larry Martinez,151.58,198.09,182.77,False,174.89,False
Thomas Cox,185.77,172.63,162.42,False,174.82,False
Paul Carson,177.8,184.87,160.74,False,174.8,False
Patrick Hensley,182.09,179.21,160.64,False,174.79,False
John Mccarty,180.79,179.29,162.18,False,174.76,False
Nathan Thompson,179.83,159.02,183.72,True,174.75,False
Richard Jones Jr.,153.81,184.44,192.91,False,174.73,False
Johnny Lambert,172.09,186.25,166.65,True,174.7,False
Lori Diaz,180.19,166.09,175.9,False,174.67,False
Emma Cochran,165.43,186.54,175.1,False,174.67,False
Matthew Carter,179.26,186.09,157.09,False,174.65,False
Michael Tucker,161.4,179.31,187.52,False,174.61,False
James Palmer,186.15,181.16,152.63,False,174.6,False
Samantha Barnes,173.98,167.01,182.66,False,174.49,False
Jeffrey Stewart,164.43,181.11,181.09,False,174.43,False
Evelyn Miller,168.91,177.19,178.86,False,174.38,False
Maria Brock,171.29,194.84,157.98,False,174.36,False
Amber Durham,146.81,200.0,185.43,False,174.35,False
James Mcdonald,181.24,157.84,181.68,False,174.35,False
Margaret Martinez,189.68,160.4,167.83,False,174.34,False
Daniel Ramirez,164.63,197.65,163.99,False,174.34,False
Ryan Hicks,170.56,182.75,170.94,False,174.33,False
Rebecca Baker,194.99,169.75,151.34,False,174.32,False
John Blair,167.3,164.45,193.5,False,174.31,False
Charles Jimenez MD,189.6,149.61,178.63,False,174.31,False
Kari Kramer,188.31,191.09,138.68,False,174.26,False
Joel Johns,176.22,200.0,145.91,False,174.26,False
Franklin Welch,189.01,200.0,128.8,False,174.25,False
Alicia Anderson,169.88,154.26,200.0,False,174.23,False
Theresa Hunt,180.85,151.23,188.33,False,174.21,False
Charles Ferguson,172.4,182.02,168.8,True,174.2,False
James Holder,178.98,163.17,178.79,False,174.18,False
Diana Bentley,200.0,168.29,145.66,False,174.18,False
Sean Campbell,167.85,168.43,188.36,False,174.18,False
David Frank,184.75,166.23,168.0,False,174.17,False
Kimberly Clay,172.25,178.23,172.61,False,174.15,False
William Simon,166.7,182.13,176.11,False,174.15,False
Jennifer Wells,154.6,182.2,192.13,False,174.14,False
Clinton Gray,200.0,157.29,156.47,False,174.13,False
Teresa Stewart,198.6,129.39,186.23,False,174.13,False
Karen Jackson,186.66,172.62,158.95,False,174.13,False
Vanessa Jackson,170.25,191.77,161.54,False,174.09,False
Jason Dominguez,163.65,189.6,172.49,True,174.09,False
Nancy Ward,170.1,196.22,157.14,True,174.05,False
Cassandra Barnett,186.48,164.0,167.49,True,174.04,False
Francisco Carter,168.98,187.4,167.3,False,174.0,False
Matthew Wagner,181.21,185.56,152.77,False,173.98,False
Maria Barker,163.36,194.46,167.66,False,173.98,False
Jason Cook,187.36,146.8,183.33,True,173.98,False
Brad Foster,187.3,157.17,173.01,False,173.97,False
Jacqueline Quinn,179.84,171.17,168.73,False,173.9,False
Dean Dixon,199.84,160.38,152.83,False,173.9,False
Tony Turner,175.45,164.38,181.34,False,173.89,False
Steven Wall,178.16,170.93,171.12,False,173.88,False
Douglas Day,189.0,169.06,158.45,False,173.86,False
Patricia Bradley,193.64,167.06,154.23,False,173.85,False
Robert Horn,164.58,190.27,169.77,False,173.84,False
Sarah Holt,195.19,177.13,142.01,False,173.82,False
Timothy Macdonald,188.36,172.63,155.58,False,173.81,False
Anthony Perez,184.48,180.57,152.69,False,173.77,False
David Johnson,149.98,193.62,185.47,False,173.72,False
Curtis Snyder,166.17,175.46,182.01,False,173.71,False
Laura Jones,200.0,153.43,158.68,False,173.64,False
Javier Rodriguez,178.47,169.99,170.85,False,173.64,False
Kathleen Evans,177.14,200.0,142.59,False,173.63,False
James Santiago,157.79,188.94,179.45,False,173.63,False
Monica Hayes,165.18,167.31,191.08,False,173.59,False
Erin Lane,176.0,157.53,186.45,False,173.59,False
Sherry Brown,187.57,142.73,185.75,False,173.57,False
David Jenkins,178.16,185.72,155.22,False,173.55,False
George Maynard,180.7,175.76,161.77,False,173.54,False
Paula Cook,160.57,196.46,167.86,False,173.52,False
Jennifer Lopez,161.76,186.89,175.83,False,173.52,False
Monica Jones,167.08,180.38,175.19,False,173.5,False
Holly Murphy,168.79,172.22,180.89,False,173.45,False
Danny Moore,170.11,177.49,173.87,False,173.45,False
Denise Sanchez,190.21,189.96,134.36,False,173.38,False
Heather Randall,174.49,169.23,176.03,False,173.38,False
Kurt Jones,195.1,188.18,129.6,False,173.37,False
Richard Pearson,200.0,175.48,135.71,False,173.36,False
Larry Allen,175.54,175.75,168.03,False,173.35,False
Melissa Fowler,151.3,193.72,182.36,False,173.34,False
Ashley Clark,184.01,145.08,187.35,False,173.33,False
Jonathan Harris,171.05,170.64,179.05,False,173.33,False
Bob Frey,161.71,191.75,170.39,False,173.33,False
Zachary Lucas,172.65,180.41,167.13,False,173.32,False
James Terry,185.29,166.1,164.55,False,173.31,False
Dawn Patel,181.65,162.9,172.61,False,173.31,False
Lisa Andrews,185.93,165.46,164.26,False,173.29,False
Shawn Watson,176.04,145.97,196.69,False,173.22,False
Leon Armstrong,176.09,159.52,183.03,False,173.2,False
Mr. Roger Douglas,169.67,176.43,174.56,False,173.16,False
Tyler Hill,192.11,158.23,162.65,False,173.11,False
Jill Townsend,178.39,182.75,156.27,True,173.06,False
Andrew Rollins,150.92,196.2,179.36,False,173.04,False
Theresa Hartman,169.82,172.43,177.89,False,173.03,False
Chloe Trujillo,147.07,189.72,190.87,False,173.01,False
Angela Adams,183.27,150.89,181.44,False,173.01,False
Lisa Ortiz,172.18,152.52,194.57,False,173.0,False
Shannon Mcdaniel,177.52,163.92,175.98,False,172.98,False
Stacey Jones,171.54,163.32,184.49,False,172.96,False
Dawn Butler,190.18,160.53,162.26,False,172.91,False
Mikayla Armstrong,180.71,162.33,172.73,False,172.8,False
Eric Peterson,146.85,200.0,180.21,True,172.8,False
Lisa Wilkins,200.0,152.07,157.12,False,172.76,False
James Kline,168.97,167.4,183.1,False,172.74,False
Jacob Carey,176.95,182.86,156.99,False,172.74,False
Tara Carr,178.71,137.82,199.58,False,172.7,False
Barbara Perez,172.55,171.38,174.01,False,172.64,False
Amber Scott,169.53,164.98,184.34,False,172.61,False
Joe Henry,173.58,146.3,197.61,False,172.61,False
Jennifer Hill,189.14,138.9,184.21,False,172.59,False
Whitney Henry,172.84,190.68,154.13,False,172.58,False
Jeffrey Martinez,192.63,147.72,170.66,False,172.57,False
Russell Sutton,193.9,169.14,147.52,False,172.56,False
Jeffrey Miles,168.48,155.39,195.18,False,172.56,False
Amanda Barnes,164.43,173.01,182.86,False,172.53,False
David Walker,160.48,180.99,180.05,False,172.51,False
Frank Houston,158.4,174.57,189.27,True,172.51,False
Martin Turner,185.44,164.35,163.39,False,172.5,False
Joanna Guzman,169.14,191.81,157.45,False,172.43,False
Mary Hamilton,165.36,184.13,170.12,False,172.42,False
Elijah Johnson,158.33,200.0,163.59,False,172.41,False
Meghan Martin,157.2,191.39,173.65,False,172.39,False
Ana Shea,183.72,156.3,173.31,False,172.37,False
Christopher Myers,194.01,141.18,174.56,False,172.33,False
Brenda Allen,165.66,158.56,194.93,False,172.31,False
Adam Newton,181.38,171.88,160.62,False,172.3,False
Teresa Grimes,179.56,194.18,140.72,False,172.29,False
Jason Terry,167.81,186.21,164.35,False,172.29,False
Valerie Garcia,176.19,182.12,157.1,False,172.24,False
Danielle Richards,159.14,172.12,189.73,False,172.21,False
Jamie Hebert,165.43,184.88,168.59,False,172.21,False
Joseph Myers,191.12,180.39,138.76,False,172.19,False
Laura Williams,178.0,138.86,197.74,False,172.18,False
William Phillips,179.51,140.26,194.32,False,172.18,False
Gary Walker,182.6,169.56,160.84,False,172.16,False
Erin Figueroa,170.95,186.1,159.8,False,172.15,False
Michael Pearson,175.65,180.42,159.18,False,172.14,False
Douglas Stone,182.28,157.45,173.31,False,172.14,False
Jennifer Davenport,200.0,137.06,170.05,False,172.13,False
Jimmy Aguilar,171.11,182.05,163.48,True,172.1,False
Kirk Terry,169.1,180.56,167.59,False,172.08,False
Angel Mclean,173.79,159.36,182.44,True,172.06,False
Thomas Simmons,171.78,157.34,187.11,False,172.05,False
Victoria Lawrence,177.85,175.5,160.87,False,172.05,False
Melvin Edwards,177.34,136.97,200.0,False,172.03,False
Jennifer Fitzpatrick,163.82,173.94,180.97,False,172.0,False
Kayla Moody,172.31,159.9,183.64,False,171.99,False
Steven Frey,179.04,153.65,180.9,False,171.98,False
Jillian Clark,173.94,183.96,157.31,True,171.96,False
Christopher Wagner,187.26,169.66,153.86,False,171.96,False
William Jenkins,196.73,152.2,158.65,False,171.95,False
Mario Zimmerman,180.53,187.44,144.99,False,171.94,False
Angela Thomas,172.61,144.59,198.34,True,171.92,False
Kimberly George,174.43,176.27,164.19,False,171.91,False
Kevin Perkins,157.79,186.77,175.86,False,171.9,False
Patricia West,162.07,156.78,200.0,True,171.86,False
Jason Martinez,164.5,182.55,170.94,True,171.85,False
Brandon King,167.9,176.04,172.88,False,171.84,False
Robert Lamb,179.85,176.92,156.02,False,171.83,False
Karen Kane,171.02,181.76,162.91,False,171.81,False
Jason Goodman,158.72,200.0,160.99,False,171.78,False
Michelle Bryan,162.65,177.97,177.74,False,171.77,False
Kathy Williamson,169.65,193.31,153.04,False,171.76,False
Richard Lopez,144.21,180.23,200.0,False,171.76,False
Jason Ibarra,156.26,188.74,175.4,False,171.75,False
Kristina Reynolds,170.47,177.61,167.54,False,171.73,False
Jeffery Coleman,186.4,166.56,157.26,False,171.71,False
Lisa Harris,189.62,166.36,153.18,False,171.71,False
Marvin Rodriguez,148.63,185.99,188.14,False,171.69,False
Charles Smith,172.02,174.67,168.23,False,171.68,False
John Hardy,158.71,160.61,200.0,False,171.67,False
Marco May,181.54,154.11,176.03,False,171.66,False
Robert Reid,163.96,153.6,200.0,False,171.66,False
Theresa Hall,189.91,155.5,163.42,False,171.64,False
Stacy Thompson,186.41,156.4,167.07,True,171.61,False
Stephanie Adams,185.14,134.74,190.4,False,171.6,False
Calvin Henderson,161.39,166.68,190.03,False,171.57,False
Meghan White,156.5,194.56,168.57,False,171.54,False
Jessica Taylor,175.35,157.44,180.52,False,171.53,False
John Owens,192.67,155.96,158.86,False,171.52,False
Casey Sandoval,174.59,171.19,167.71,False,171.51,False
Mrs. Sherry Carlson,174.6,162.81,176.07,False,171.51,False
James Walker,146.94,175.58,200.0,False,171.45,False
Christopher Perry,200.0,151.53,153.3,False,171.45,False
Donna English,183.31,140.61,186.45,False,171.44,False
Elizabeth Gonzalez,178.77,167.68,165.35,False,171.42,False
Steven Sullivan,164.01,168.35,184.29,False,171.4,False
Jason Wallace,150.69,185.49,184.78,False,171.36,False
Sherry James,173.94,172.41,166.79,True,171.34,False
Lori Finley,142.71,182.37,198.4,False,171.32,False
Miranda Zavala,200.0,143.21,161.16,False,171.31,False
Corey Mendez,189.4,172.26,146.16,False,171.29,False
Brian Pennington,164.49,200.0,151.6,True,171.28,False
Lisa Harmon,186.26,152.17,170.42,False,171.28,False
Dr. Jason Vang,193.9,157.72,154.63,False,171.26,False
Ryan Garcia,168.49,182.69,163.51,False,171.26,False
James Clark,138.35,186.85,199.56,True,171.26,False
Kenneth Ramos,185.12,172.3,151.71,False,171.25,False
Morgan Serrano,161.77,166.51,188.61,True,171.25,False
Kyle Carter,167.47,160.62,186.85,False,171.23,False
William Simmons,177.87,164.62,168.98,False,171.23,False
Barbara Fitzgerald,173.1,157.1,182.83,False,171.22,False
Lauren Miller,194.66,143.87,167.26,False,171.2,False
Lawrence Clark,189.41,165.9,152.03,False,171.15,False
Nicole Jones PhD,169.13,156.78,188.17,True,171.14,False
Andrew Taylor,184.0,182.81,142.24,False,171.11,False
Sherri Henderson,158.57,197.64,161.2,False,171.08,False
Paul Hernandez,187.44,140.05,180.24,False,171.06,False
Jeffrey Taylor,153.24,182.88,182.96,False,171.05,False
Mary Norton,185.13,151.62,171.68,False,171.04,False
Sean Williams,200.0,133.82,169.63,False,171.03,False
Eric Owen,168.15,194.34,151.51,False,171.02,False
Kristen Lawson,176.21,175.62,159.46,False,171.01,False
Christopher Johnson,180.62,171.85,157.36,False,171.01,False
Michael Donaldson,180.87,167.27,161.47,False,170.97,False
Cynthia Smith,172.43,169.61,170.31,False,170.95,False
Jessica Ortiz,189.8,173.25,143.42,False,170.92,False
Edward Collier,166.02,186.22,162.11,False,170.91,False
Jenna Smith,180.04,197.1,132.47,False,170.89,False
David Rodriguez,170.91,181.76,160.0,False,170.89,False
Robin Davis DDS,141.46,181.02,200.0,False,170.89,False
Dale Moreno,180.25,182.75,146.44,False,170.86,False
James Williams,147.44,179.93,193.01,False,170.86,False
Tyler Conner,186.06,163.87,157.47,False,170.83,False
William Garrett,200.0,181.11,121.54,False,170.8,False
Jeffrey Miranda,183.64,200.0,124.46,False,170.79,False
Brett Choi,161.5,153.78,200.0,False,170.73,False
Catherine Carter,191.97,167.52,145.62,False,170.73,False
Michael Hartman,180.26,200.0,128.56,False,170.67,False
Sarah Mcdonald,167.87,178.4,166.64,False,170.66,False
Mrs. Ashley Paul,174.41,161.01,175.27,False,170.65,False
Eric White,169.02,173.36,170.06,False,170.63,False
Andrew Carrillo,178.66,200.0,130.49,False,170.61,False
Gina Rojas,196.27,165.85,141.09,False,170.59,False
Keith Anderson,174.04,198.33,138.21,False,170.58,False
Ashley Huffman,175.0,172.05,163.15,False,170.56,False
Joshua Odom,166.77,168.94,177.17,False,170.54,False
Alexandra Ryan MD,177.14,184.52,147.64,False,170.5,False
Marissa Burns,170.63,174.8,166.02,False,170.5,False
Blake Hamilton,172.82,154.92,182.83,False,170.45,False
Nicole Martin,166.54,165.73,180.38,False,170.45,False
Michael Norton,179.9,156.95,171.27,False,170.43,False
Andrea Cohen,163.18,169.02,181.51,False,170.43,False
Matthew Huff,171.4,200.0,139.57,False,170.43,False
Cory Ruiz MD,164.96,168.16,179.93,False,170.41,False
Jessica Garcia,159.22,155.66,200.0,False,170.38,False
Karen Erickson,166.89,176.84,168.37,False,170.32,False
Andrew Park,167.34,170.27,174.35,False,170.32,False
Katie Hammond,183.62,155.3,167.44,False,170.27,False
Jay Johnson,162.73,178.12,172.37,False,170.24,False
Sarah Davis PhD,183.21,156.73,166.47,False,170.24,False
Robert Esparza,172.87,170.27,166.57,True,170.2,False
Benjamin Burke,168.65,169.76,172.61,False,170.17,False
Charles Ball,175.88,157.25,175.48,False,170.17,False
Kimberly Patterson,168.68,159.96,182.32,False,170.16,False
Barry Davis,170.13,173.29,167.05,False,170.15,False
Jonathan West,199.2,148.55,152.97,False,170.14,False
Grant Caldwell,187.56,168.62,148.46,True,170.14,False
Bill Garcia,173.66,145.64,189.78,False,170.09,False
Lindsay Hall,169.68,192.45,148.21,True,170.07,False
Margaret Flores,182.52,165.29,158.16,True,170.04,False
Joseph Hoffman,160.15,179.27,173.96,False,170.03,False
Cody Turner,162.53,181.73,168.18,False,169.99,False
Frances Smith,163.89,199.49,148.6,False,169.98,False
Jason Frazier,163.0,153.39,195.76,False,169.94,False
Jeremiah Oliver,164.76,169.36,177.26,False,169.89,False
Troy Butler,171.21,164.75,173.12,False,169.85,False
Michele Phillips,157.5,177.42,178.68,False,169.83,False
Valerie Baird,182.92,161.03,161.18,True,169.83,False
Paul Fleming,168.27,181.8,159.53,False,169.71,False
Laura Adams,185.68,159.52,158.6,False,169.71,False
Meghan Hernandez,171.85,159.94,176.58,False,169.7,False
Ronald Hood,162.63,157.95,190.87,False,169.7,False
Shawn Johnson,200.0,143.44,155.45,False,169.67,False
Melinda Jordan,162.19,172.85,176.44,False,169.66,False
David Hall,171.03,177.65,159.84,False,169.66,False
Paul Jackson,189.75,144.8,167.75,True,169.66,False
Sherry Wilkinson,177.19,169.66,159.56,False,169.64,False
Edward Preston,200.0,137.32,161.47,False,169.64,False
Timothy Castillo,173.46,169.74,164.27,False,169.59,False
Aaron Garcia,159.93,186.69,165.35,True,169.58,False
Megan Burton,175.52,156.21,174.99,False,169.57,False
Catherine Davis,174.91,163.07,168.95,False,169.57,False
Heather Leach,196.26,153.77,149.73,False,169.56,False
Margaret Shaw,172.33,175.15,160.28,False,169.56,False
Brandon Valdez,182.29,190.32,131.61,False,169.49,False
Mrs. Michelle Nguyen,168.89,157.53,182.11,False,169.45,False
Shelley Gonzalez,176.62,154.07,175.19,False,169.43,False
Emily Guzman,172.69,193.68,140.77,False,169.41,False
Stephanie Jones,179.67,137.81,187.32,False,169.41,False
Jessica Pittman,172.85,173.01,161.19,False,169.4,False
Johnny Oneal,188.12,184.26,129.55,False,169.39,False
Daniel Martinez,176.68,174.62,154.3,False,169.35,False
Lauren Lee,161.81,159.79,188.97,False,169.35,False
Lori Harper,183.86,170.56,148.72,False,169.33,False
Paul Gaines,195.9,134.47,168.75,False,169.32,False
Alexis Johnson,148.79,165.94,200.0,False,169.3,False
Summer White,173.25,163.41,169.89,False,169.29,False
Breanna Jackson,154.29,178.36,180.14,False,169.27,False
Andrew Sparks,156.07,190.41,165.68,False,169.26,False
Patricia Lopez,186.61,141.19,174.14,False,169.24,False
Jessica Rivas,175.3,167.35,163.02,False,169.23,False
Tony Williams,176.01,146.04,183.31,False,169.21,False
Andrew Jones,175.94,137.19,192.12,False,169.17,False
Amanda Mcdaniel,184.38,166.41,151.57,False,169.15,False
Laura Keller,157.2,179.26,174.93,False,169.14,False
Joshua Collins,179.71,177.35,146.77,False,169.12,False
Jose Hall,169.5,142.75,194.96,False,169.11,False
Brian Boyle,162.44,169.36,177.71,False,169.1,False
Vanessa Lucas,168.28,152.81,186.44,False,169.09,False
David Bailey,176.9,164.9,162.83,False,169.08,False
Brittany Hogan,185.13,172.11,144.65,False,169.08,False
Cindy Bray,178.58,141.88,183.54,False,169.06,False
Christopher Lewis,171.48,163.86,171.02,False,169.06,False
Larry Gonzales,152.91,200.0,159.54,False,169.02,False
Jennifer Wu,171.5,189.24,145.51,False,169.02,False
Madison Frye,190.49,143.28,166.13,False,169.02,False
Michael Daugherty IV,186.13,161.55,153.68,False,169.02,False
Patricia White,168.77,172.92,165.41,False,169.01,False
Miguel Spencer,179.16,176.67,147.63,True,168.95,False
Gloria Harper,176.24,161.82,166.34,False,168.94,False
Emily Munoz,170.95,158.82,176.39,False,168.94,False
Ronald Lewis,155.23,189.87,166.24,False,168.92,False
Stephen Reese,169.1,176.38,161.21,False,168.92,False
Laura Hart,159.4,150.47,200.0,False,168.9,False
Diane Lopez,187.09,167.77,145.74,False,168.89,False
Joel Smith,170.88,182.8,152.28,True,168.88,False
Gary Alvarez,173.32,157.57,174.24,False,168.87,False
Mark Lawson,165.42,175.69,166.64,False,168.86,False
Robert Brown,160.2,177.94,171.26,False,168.84,False
Mark Green,170.35,173.53,162.1,False,168.83,False
Anthony Kennedy,167.05,170.51,169.5,False,168.82,False
Tina Blankenship,171.96,163.78,169.65,False,168.81,False
Lisa Mills,185.1,145.55,170.26,False,168.78,False
Danielle Calderon,158.31,200.0,151.35,True,168.73,False
Andrea Frazier,163.97,146.53,197.27,False,168.73,False
Justin Wilson,170.01,190.64,145.12,False,168.73,False
Andrea Lester,178.94,179.0,144.63,False,168.67,False
Veronica Pacheco,160.64,177.57,170.44,False,168.66,False
Justin Perez,188.56,139.15,171.55,False,168.64,False
Taylor Francis,157.96,200.0,151.42,False,168.61,False
Shawn Lane,164.8,171.11,171.15,False,168.6,False
Kelly Hammond,153.82,156.89,200.0,False,168.6,False
Victoria Barrett,181.61,152.45,167.42,False,168.6,False
Brandon Cisneros,169.32,166.74,169.49,False,168.59,False
Gloria Aguilar,199.13,133.95,162.46,False,168.58,False
Mike Spencer,168.49,171.87,165.33,False,168.56,False
Wendy Perkins,163.62,155.68,188.0,False,168.55,False
Michael Gomez,172.76,165.6,165.82,False,168.53,False
Robin Pierce,164.67,166.53,175.6,False,168.51,False
Jaime Estes,158.27,180.13,170.36,False,168.46,False
Ray Kelly,186.58,158.81,153.97,False,168.46,False
Christine Burns,169.42,180.08,155.44,False,168.42,False
Jason Church,165.51,200.0,140.69,False,168.41,False
Mark Moore,163.33,183.64,159.9,False,168.39,False
Jacqueline Sanders,190.79,138.31,168.56,False,168.38,False
Meghan Hawkins,171.51,173.22,159.36,False,168.38,False
Jessica Ho,177.31,167.25,157.46,False,168.34,False
Charles Allen,196.65,174.5,124.37,False,168.32,False
Maria Dalton,170.08,190.0,144.19,False,168.29,False
Matthew Calderon,174.87,146.25,181.5,False,168.27,False
Maria Wood,151.08,174.13,185.25,False,168.25,False
Michelle Williams,170.62,153.95,179.36,False,168.24,False
Katherine Shaffer,177.84,163.04,160.6,False,168.23,False
Alexander Duran,168.08,154.17,182.45,False,168.22,False
James Mcgrath,157.32,200.0,150.95,False,168.21,False
Darren Adams,154.3,159.91,195.03,False,168.2,False
Justin Larsen,180.13,156.14,164.29,True,168.18,False
Lindsay Garcia,158.51,149.23,200.0,True,168.18,False
Jessica Carpenter,187.02,159.6,151.61,False,168.17,False
Katherine Kemp,182.16,162.02,155.65,False,168.17,False
Travis Jordan,177.4,150.02,174.02,False,168.17,False
Theodore Nguyen,169.73,161.52,172.74,False,168.17,False
Victoria Velasquez,169.78,186.15,147.98,False,168.15,False
Eric Scott,200.0,148.18,145.59,False,168.13,False
Sarah Ortiz,153.72,157.75,197.67,True,168.11,False
Dana Mcclain,170.86,144.45,187.87,False,168.04,False
Anna Hamilton,171.42,175.2,156.37,True,168.04,False
Daniel Mccarthy,171.32,146.81,184.91,False,168.04,False
William Duncan,181.05,167.28,151.39,False,168.02,False
Seth Stewart,170.03,162.95,170.34,False,168.0,False
Lisa Smith,167.02,179.04,158.2,False,167.98,False
Dr. Hannah Barnes,171.23,170.12,161.51,False,167.98,False
April Mack,179.8,184.54,135.58,False,167.96,False
Cathy Reed,182.23,174.15,142.71,False,167.95,False
Danielle Elliott,173.52,173.93,154.51,False,167.94,False
Raymond Walker,186.85,138.93,171.62,False,167.9,False
Eric Taylor,167.2,179.84,156.87,False,167.89,False
Danielle Boone,173.39,153.03,175.43,False,167.89,False
John Peterson,200.0,173.58,119.35,False,167.88,False
Charles Bridges,179.88,162.27,157.38,False,167.85,False
Keith Carney,180.28,160.7,158.4,False,167.84,False
Heather Davis,171.4,186.59,144.12,False,167.77,False
Michelle Bowers PhD,180.18,154.38,164.62,False,167.77,False
Rebecca Hart,179.8,177.07,142.33,False,167.74,False
Ricky West,169.37,189.62,143.58,False,167.71,False
Aaron Nguyen,180.33,155.33,163.28,False,167.71,False
Patrick James,171.32,165.06,165.47,False,167.69,False
Emily Black,169.81,164.24,168.22,False,167.66,False
Christine Stark,164.61,170.13,169.22,False,167.65,False
April Waters,164.24,160.87,178.97,False,167.64,False
Patty Cline,155.36,196.25,155.38,False,167.63,False
Sarah Wise,150.66,173.11,184.8,False,167.63,False
Jason Holland,161.84,176.25,166.64,False,167.6,False
Jennifer Taylor,178.77,138.53,181.78,False,167.6,False
Brittney Nelson,165.92,177.55,159.84,False,167.59,False
Virginia Lucas,163.97,150.24,189.74,False,167.58,False
Dustin Wallace,168.58,159.4,174.43,False,167.58,False
Brent Stanley,168.62,172.92,160.81,False,167.57,False
Nancy Novak,189.99,170.42,134.77,False,167.55,False
Brian Figueroa,166.32,136.71,200.0,False,167.54,False
Tracey Johnson,158.23,161.22,186.21,False,167.52,False
Matthew Meza,182.79,137.95,176.68,False,167.51,False
Maria Myers,143.62,182.76,184.01,False,167.48,False
Wayne Ali,186.59,141.42,167.95,True,167.45,False
Alyssa Joseph,160.39,173.73,170.58,False,167.45,False
Ricardo Mathis,190.19,162.51,142.07,False,167.45,False
Stephanie Fuentes,175.71,145.54,178.32,False,167.44,False
James Gonzalez,168.25,176.91,156.82,False,167.42,False
Maurice Sharp,162.32,141.64,200.0,False,167.42,False
Chad Acosta,164.05,174.85,164.44,False,167.41,False
Jesse Pennington,155.59,193.36,157.2,False,167.4,False
Megan Travis,180.42,167.88,149.56,False,167.4,False
Mr. Casey Griffith,169.31,145.69,186.56,False,167.4,False
Toni Hernandez,183.31,171.38,142.15,False,167.38,False
James Watson,161.05,173.8,169.32,False,167.36,False
Sherry Cantu MD,158.67,167.82,178.42,False,167.34,False
Jacob Gonzalez,156.44,175.84,173.38,False,167.34,False
Elizabeth Webster,193.04,159.58,140.83,False,167.34,False
Derek Green,175.57,155.59,168.04,False,167.32,False
Amanda Flores,176.55,136.65,185.67,False,167.32,False
Larry Shaw,164.75,154.32,183.75,False,167.32,False
Charles Clark,173.21,195.55,131.19,False,167.3,False
Luis Smith,165.11,165.91,171.52,False,167.27,False
Joshua Johnston,186.92,136.16,172.02,False,167.22,False
Alice Martin,155.9,196.15,153.38,False,167.22,False
Elizabeth Wilson,177.44,164.93,155.84,False,167.21,False
Seth Sherman,170.22,151.51,178.84,True,167.19,False
Charles Brooks,182.12,157.91,156.38,False,167.14,False
William Gonzalez,176.31,171.53,150.41,False,167.11,False
Christina Nelson,150.09,183.24,173.54,False,167.07,False
Michelle Floyd,185.02,154.51,155.65,False,167.06,False
Victoria Clay,160.07,170.46,172.94,False,167.05,False
Christina Duke,199.03,160.72,130.65,False,167.02,False
Jaime Mills,162.63,172.46,167.34,False,166.99,False
Christine Sparks,186.28,134.52,173.7,False,166.98,False
Jasmine Melendez,172.53,139.23,187.25,False,166.96,False
Michael Lee,175.05,149.59,173.45,False,166.93,False
Isaiah Henderson,160.54,167.63,174.7,False,166.91,False
Sara Diaz,162.74,159.6,179.79,False,166.91,False
Brooke Bailey,177.03,181.46,138.89,False,166.91,False
Kristin Walker,182.85,133.5,179.04,False,166.9,False
Jessica Chapman,159.71,148.33,195.02,False,166.89,False
Walter Mccullough,173.06,163.79,161.74,False,166.88,False
Anthony Boyer,175.75,131.52,190.35,True,166.86,False
Kristina Reynolds,183.52,186.91,124.51,False,166.83,False
Carrie Jimenez,168.94,169.88,160.85,False,166.8,False
Ronald Burgess,186.31,137.02,170.49,False,166.78,False
Denise Robertson,176.41,185.72,135.0,False,166.78,False
Aaron Watkins,181.78,169.92,143.63,False,166.78,False
Edward Reynolds,193.83,168.09,129.38,False,166.77,False
Katherine Gray,169.26,157.14,173.01,False,166.75,False
Justin Rodriguez,172.31,173.91,152.13,False,166.74,False
Jordan Hernandez,190.76,143.16,158.3,False,166.74,False
Mrs. Kendra Cortez DDS,152.41,165.1,187.44,False,166.72,False
Emily Weaver,162.08,159.58,179.93,False,166.69,False
Katherine Curry,169.69,147.46,181.91,False,166.68,False
Janet Johnson,194.05,132.4,164.48,False,166.68,False
Tina Todd,150.79,154.54,200.0,False,166.68,False
Amanda Avery,174.87,193.75,128.38,False,166.59,False
Carlos Phillips,164.29,163.33,172.9,False,166.58,False
David Evans,152.77,151.49,200.0,False,166.56,False
Victor Schultz,171.58,159.92,166.49,False,166.56,False
Sharon Nguyen,170.96,160.51,166.64,False,166.53,False
Shawn Franklin,162.88,165.85,172.06,False,166.53,False
Debbie Stanley,177.15,157.41,161.48,False,166.52,False
Gabriel Esparza,196.28,137.37,155.96,False,166.51,False
Todd Davis,169.06,166.01,163.56,False,166.49,False
Kyle Mason,169.77,197.64,130.94,False,166.48,False
Frank Esparza,171.7,174.52,151.5,False,166.48,False
Mary Dominguez,185.1,139.02,169.08,False,166.47,False
Anna Gay,168.93,167.26,162.38,False,166.46,False
Christine Mclaughlin,184.63,159.03,149.62,False,166.45,False
Phillip Rowland,186.54,149.0,157.1,False,166.44,False
Rebecca Schroeder,149.98,177.65,177.17,False,166.44,False
Kelly Collins,149.36,169.86,185.6,False,166.38,False
Geoffrey Jones,178.81,158.47,157.66,True,166.36,False
David Henson,156.81,185.56,159.85,False,166.35,False
Susan Brown,162.69,152.58,184.9,False,166.32,False
Brian White,172.18,138.89,185.95,False,166.32,False
Steven Chandler,179.61,151.32,163.56,False,166.31,False
Katie Meyer MD,178.68,152.64,163.42,False,166.29,False
Brandi Davis,163.09,149.33,187.5,False,166.28,False
Christian Gonzales,144.87,200.0,161.02,True,166.25,False
Crystal Bell,170.38,157.82,168.86,False,166.16,False
Diana Cameron,172.28,139.72,184.36,False,166.14,False
Brian Long,177.4,170.26,147.01,False,166.14,False
Nathan Allen,184.73,164.63,142.79,False,166.12,False
Steven Merritt,162.8,168.58,168.05,False,166.11,False
Shannon Gray,199.87,139.73,147.43,False,166.1,False
Christopher Robinson,166.47,151.65,180.05,True,166.1,False
Vanessa Taylor,158.5,187.01,155.29,False,166.09,False
Jeffrey Arnold,185.23,127.73,178.89,False,166.08,False
Mr. Jared Graham,177.25,154.64,162.47,False,166.03,False
Natalie Boyd,170.14,178.0,148.44,False,165.99,False
Erik Rodriguez,165.33,171.64,161.2,False,165.98,False
Shannon Levine,187.75,157.24,145.67,False,165.97,False
Lori Williams,156.86,200.0,144.03,False,165.95,False
Michael Reynolds Jr.,171.3,163.73,161.02,False,165.94,False
Allison Nixon,151.34,179.46,171.85,False,165.93,False
Kimberly Luna,172.65,158.03,164.85,False,165.93,False
Sharon Bryant,143.28,189.79,172.16,False,165.9,False
Angela Acosta,164.03,140.17,194.08,False,165.89,False
Thomas Garcia,154.55,193.05,153.87,False,165.89,False
Anita Cobb,165.12,172.25,160.3,False,165.81,False
Angela Winters,166.98,177.85,152.22,False,165.81,False
Amy Fowler,168.29,153.63,174.67,False,165.81,False
Douglas Cook,149.11,173.97,179.85,False,165.79,False
Brian Simmons,171.27,154.21,170.0,False,165.77,False
Kristen Guerra,164.76,183.04,149.85,False,165.77,False
Melissa Arnold,167.04,200.0,129.8,False,165.76,False
Edward Harrison,166.72,172.33,157.78,False,165.72,False
Erica Patterson,162.09,153.5,182.72,False,165.71,False
Annette Petty,196.73,152.38,137.61,False,165.69,False
Crystal Sawyer,193.91,139.59,154.1,False,165.67,False
Todd Burton,179.96,151.7,160.55,False,165.66,False
Stephen Smith,167.22,159.6,169.57,False,165.64,False
Adam Graham,148.67,178.79,175.12,False,165.64,False
Jose Chen,168.2,159.81,167.94,False,165.6,False
Alejandra Harris,165.93,171.08,159.65,False,165.59,False
Rachael Stanley,171.98,182.75,139.79,False,165.55,False
Crystal Webb,188.36,133.05,167.58,False,165.53,False
Kim Fowler,173.55,164.14,156.14,False,165.5,False
Amber Bennett,180.27,147.81,163.38,False,165.47,False
Dr. Heather Long,166.75,170.76,158.43,False,165.46,False
Paul Davis,165.14,150.19,181.11,False,165.45,False
John Wagner,164.01,140.79,191.99,False,165.44,False
Stefanie Taylor,162.57,157.35,177.23,False,165.4,False
Veronica Schultz,185.32,162.53,141.61,False,165.37,False
Shirley Fernandez,176.03,154.8,161.73,False,165.37,False
Susan Allen,174.28,171.72,147.06,False,165.35,False
Randy Vasquez,175.04,151.57,166.13,False,165.33,False
Joshua Jackson,154.38,160.7,184.39,False,165.28,False
Scott Smith,167.64,166.07,161.36,False,165.28,False
Ronald Suarez,170.88,169.68,153.43,False,165.28,False
Bobby Mcknight,184.98,113.33,190.85,False,165.25,False
William Tate,161.86,134.99,200.0,False,165.24,False
Robert Miller,168.67,151.82,174.0,False,165.22,False
Tammy Jones,169.25,180.39,144.5,False,165.17,False
Trevor Hernandez,127.49,189.16,191.16,False,165.09,False
Amy Rogers,184.3,165.12,139.2,False,165.02,False
James Cook,184.6,151.13,152.7,True,164.99,False
Jose Johnston,182.03,173.36,133.91,False,164.99,False
Michelle Ramos,174.8,162.62,154.14,False,164.95,False
Patrick Martin DDS,158.79,140.24,197.86,False,164.95,False
Angela Aguilar,140.77,171.73,190.39,False,164.94,False
Charles Daniels,162.28,162.88,170.5,False,164.93,False
Evelyn Terry,164.82,162.89,167.07,True,164.91,False
David Cole,193.28,134.83,157.17,False,164.91,False
Mary Bailey,185.11,152.64,150.25,False,164.91,False
Bailey Kent,161.27,148.16,186.47,False,164.9,False
Jason Payne,166.44,170.94,156.64,False,164.85,False
Jessica Hayes,170.92,174.61,146.97,False,164.84,False
Dalton Salinas,197.88,136.09,149.46,False,164.82,False
Stacy Weeks,158.03,159.09,179.56,False,164.81,False
Daniel Harper,174.35,156.54,160.29,False,164.79,False
Dalton Nicholson,161.52,159.33,174.51,False,164.76,False
Evan Davis,148.09,151.72,200.0,False,164.75,False
Ryan Barnes,180.28,174.68,133.98,False,164.71,False
Alicia Castro DDS,163.6,180.58,150.23,False,164.68,False
William Porter,178.43,137.6,173.43,False,164.68,False
Justin Bowen,168.57,177.31,146.82,False,164.66,False
Brenda Baker,194.75,127.51,161.67,False,164.65,False
Christopher Wright,168.84,142.76,180.87,False,164.63,False
Ashley Perkins,155.16,155.92,185.69,False,164.55,False
Amanda Allen,171.82,144.25,175.09,False,164.53,False
Christopher Mullen,178.99,168.82,140.94,False,164.52,False
Jeffrey Davis,183.12,151.37,152.67,False,164.46,False
John Michael,156.55,139.45,200.0,False,164.45,False
James Stevenson,161.1,183.73,149.59,False,164.43,False
Lisa Horne,174.88,163.31,151.44,False,164.38,False
Emma Tucker,191.09,138.47,154.64,False,164.37,False
Lauren Dominguez,157.03,165.48,173.02,False,164.36,False
Amy Bauer,164.22,150.38,178.36,False,164.31,False
Steven Hansen,154.81,160.01,181.23,False,164.3,False
Casey Chavez,152.74,144.02,200.0,False,164.3,False
Joseph Fischer,136.64,200.0,165.38,True,164.27,False
Peter Nguyen,181.49,144.01,161.54,False,164.26,False
Jacob Vega,173.96,162.1,153.46,True,164.25,False
David Perez,177.01,139.63,171.8,False,164.24,False
Sabrina Lopez,185.81,138.44,161.24,False,164.23,False
Nina Allen,177.43,167.89,142.92,False,164.21,False
Christopher Ramirez,151.85,190.32,154.47,False,164.18,False
Alexandra Richardson,176.75,142.42,169.14,True,164.17,False
James Cox,173.57,150.25,165.53,False,164.16,False
Lisa Hill,179.45,167.35,140.56,True,164.15,False
Daniel Green,144.62,177.98,176.31,False,164.14,False
Kayla Thompson,179.2,166.26,141.74,False,164.08,False
William Douglas,197.86,140.48,142.54,False,164.05,False
Travis Cline,166.77,170.43,153.92,False,164.01,False
Tonya Franklin,167.11,179.03,144.86,False,164.01,False
Amanda Orozco,167.07,174.12,149.83,False,164.01,False
Joshua Bautista,164.87,168.05,158.81,False,164.01,False
Preston Mosley,160.87,177.0,155.16,False,164.0,False
Sharon Dennis,167.87,153.54,169.11,False,163.94,False
Jason Ortiz,172.11,167.36,149.63,False,163.94,False
Christopher Jones,155.54,155.58,183.44,False,163.93,False
Donald Henry,166.03,161.56,163.39,False,163.9,False
Kristi Porter,175.99,155.56,156.09,False,163.89,False
Dr. Ethan Medina,157.99,162.01,173.25,True,163.77,False
Natasha Washington,158.31,156.92,177.82,False,163.75,False
Evelyn Huff,164.41,144.53,182.1,False,163.75,False
Steven Morrison,177.99,137.39,170.98,False,163.71,False
Charles Phillips,176.81,162.32,147.6,False,163.7,False
Joshua Hoffman,171.84,151.63,164.85,False,163.68,False
Susan Lopez,172.63,139.18,176.24,False,163.68,False
Alyssa Hall,156.97,171.53,164.73,False,163.67,False
Bradley Johnson,151.46,176.08,167.49,True,163.66,False
Christine Smith,166.77,173.02,149.92,False,163.59,False
Robert Powell,150.99,174.16,169.75,False,163.57,False
Dustin Rice,159.47,163.92,168.59,False,163.54,False
Christopher Farrell,162.73,161.91,166.11,False,163.5,False
Joseph Robinson,175.75,132.5,178.17,False,163.5,False
Jesse Knapp,179.18,134.22,171.82,False,163.49,False
Dennis Hale,180.43,154.18,150.18,False,163.48,False
Angela Hunter,150.02,172.97,171.8,True,163.44,False
Kathy Zimmerman,177.99,174.62,132.87,False,163.44,False
Douglas Mueller,162.65,152.74,175.06,False,163.4,False
Jason Smith,144.37,180.55,171.6,False,163.39,False
Clinton Brown,171.81,166.62,148.88,False,163.38,False
Thomas Martinez,160.55,176.85,153.67,False,163.38,False
Susan Schneider,177.53,155.77,151.97,False,163.33,False
Joanne Elliott,169.36,169.93,148.62,False,163.31,False
Jaime Burns,170.35,142.52,174.67,True,163.3,False
Christopher Ray,169.25,153.62,165.05,False,163.3,False
Kendra Castillo,179.65,167.16,137.61,False,163.29,False
Lisa Webb,170.15,152.79,164.61,False,163.28,False
Kim Campbell,177.39,155.99,151.59,True,163.23,False
Andrea Harmon,175.72,162.69,146.92,False,163.17,False
Julie Braun,174.14,145.21,166.44,False,163.15,False
Daniel Krueger,174.97,132.85,177.67,False,163.15,False
Erica Campbell,183.56,144.22,154.73,False,163.11,False
Lisa Robertson,143.17,200.0,152.76,False,163.09,False
Nicole Smith,180.08,145.64,157.7,False,163.03,False
Annette Morton,170.74,164.93,150.83,False,163.02,False
Ryan Mejia,172.08,147.27,166.67,False,163.02,False
Kelly Lewis,175.68,154.61,154.44,False,162.99,False
Christopher Flores,158.73,193.81,137.8,False,162.97,False
Tyler Jimenez,146.97,174.9,172.3,False,162.95,False
Nicholas Harrell,155.39,176.2,159.69,False,162.92,False
Keith Richardson,182.78,143.51,155.72,False,162.88,False
Thomas Lutz,145.33,191.31,157.79,False,162.86,False
Thomas Hanson,169.58,132.29,184.4,False,162.84,False
Holly Clay,145.87,176.58,171.61,False,162.8,False
Laurie Richardson,154.05,186.93,150.32,False,162.79,False
Melinda Holt,188.85,160.18,130.64,False,162.78,False
Walter Barron,154.38,157.75,178.89,False,162.75,False
Paul Smith,172.9,136.24,175.63,False,162.72,False
Cynthia Lane,176.26,142.77,164.57,False,162.71,False
Jeanne Powell,155.2,178.27,157.12,False,162.7,False
Vincent Parks,178.68,150.11,154.0,False,162.7,False
Shawn Jackson,172.04,171.94,140.85,False,162.65,False
Jonathan Wang,177.27,160.39,145.14,False,162.57,False
Sarah Wagner,177.36,142.3,163.02,False,162.54,False
Elizabeth Arellano,166.25,178.48,141.41,False,162.47,False
Michelle Bridges,157.39,178.24,153.37,False,162.44,False
Marco Patton,170.38,161.13,153.12,False,162.43,False
Joseph Hughes,177.32,163.79,141.19,False,162.42,False
Jillian Walton,160.77,175.6,151.39,False,162.41,False
William Obrien,178.52,147.59,155.73,False,162.41,False
Paula Sawyer,188.14,143.96,146.26,True,162.32,False
Carl Taylor,183.91,147.11,148.67,False,162.3,False
Denise Clark,150.92,200.0,139.61,False,162.25,False
Alexander Owens,165.18,170.75,149.77,False,162.23,False
Shelley Gutierrez,164.96,165.95,154.87,False,162.23,False
Jennifer Jacobson,182.5,160.67,136.73,False,162.22,False
James Doyle,156.06,166.88,165.71,False,162.2,False
Michael Wiley,170.29,144.98,168.17,False,162.06,False
Curtis Peters,153.77,180.94,154.24,False,162.06,False
James Thomas,165.83,160.59,158.43,False,162.04,False
David Bond,169.27,177.33,137.05,False,162.02,False
Kristina Williams,160.01,163.96,162.75,False,162.02,False
William Nichols,142.19,157.59,192.84,False,162.01,False
Carrie Wright,175.88,168.56,136.85,False,161.97,False
Christopher Mathis,195.93,142.26,136.37,False,161.96,False
Joseph Stephenson,154.44,159.93,173.87,False,161.92,False
Kristine Barnes MD,161.07,163.69,161.22,True,161.9,False
Benjamin Duffy,148.43,180.39,161.22,False,161.86,False
Michael Stone,166.03,176.78,141.35,False,161.85,False
Elizabeth Martinez,147.37,178.01,164.9,False,161.82,False
Edward Fox,143.15,168.77,179.77,False,161.82,False
Stephanie Fleming,169.88,135.63,177.18,True,161.8,False
Michael Herman,182.41,137.55,158.43,False,161.76,False
Tracy Jennings,173.87,156.43,150.92,False,161.75,False
Erik Schultz,148.73,152.87,187.98,False,161.75,False
William Barrett,165.64,157.84,160.36,False,161.72,False
Amy Rodriguez,153.7,163.38,170.77,False,161.72,False
Kathy Williams,164.36,147.77,172.1,False,161.71,False
Michael Rivera,192.84,154.7,127.14,False,161.69,False
Ashley Stewart,164.61,151.44,168.04,False,161.69,False
Jeanette Stone,162.39,163.54,158.9,False,161.69,False
Mark Walker,190.47,164.31,120.67,False,161.68,False
Devin Watson,155.86,192.23,138.85,False,161.67,False
Thomas Moss,187.21,123.96,165.28,False,161.66,False
William Rhodes,169.78,184.92,127.38,False,161.6,False
Ronald Dougherty,176.73,148.35,154.5,True,161.55,False
Jonathon Ali,177.72,148.96,152.25,False,161.45,False
Kristopher Robles,188.91,150.62,135.65,False,161.45,False
Alicia Flores,141.45,186.56,162.81,False,161.39,False
Lydia Curtis,153.89,163.71,168.83,False,161.32,False
Eric Williams,179.17,171.72,126.64,False,161.18,False
Mary Cameron,174.47,150.13,154.41,False,161.15,False
Doris Smith,163.41,166.53,152.52,False,161.08,False
Stephanie Harris,192.19,175.39,105.12,False,161.03,False
Michael Martin,176.86,134.18,166.76,False,161.03,False
Cathy Coleman,165.8,149.27,166.36,False,161.01,False
Richard Edwards,158.67,146.07,178.92,False,160.96,False
Jennifer Morgan,179.64,170.34,126.61,False,160.94,False
Tim Walter,158.08,143.32,182.25,False,160.9,False
Katelyn Morgan,160.22,163.4,159.02,False,160.82,False
Brandon Chavez,169.51,149.99,159.98,True,160.8,False
Jill Hernandez,164.11,159.28,157.93,False,160.8,False
Holly Gilbert,181.14,136.36,157.85,True,160.72,False
Justin Ellis,179.31,111.6,185.06,False,160.72,False
Thomas Myers,163.05,165.96,152.16,False,160.66,False
Marcus Rogers,156.16,130.87,196.27,False,160.61,False
Amanda Stevenson,153.73,148.07,182.21,False,160.58,False
Zachary Roberts,178.5,151.45,145.79,False,160.57,False
Terri Bullock,151.55,184.46,148.61,False,160.54,False
Tina Carson,162.98,142.12,175.62,False,160.51,False
Jennifer Brooks,176.87,146.72,152.34,False,160.46,False
Susan Walton,163.91,165.12,150.81,False,160.34,False
Lori Simmons,193.31,143.01,133.67,False,160.33,False
Michelle Hahn,151.44,161.84,170.58,False,160.3,False
Richard Turner,168.4,140.93,168.78,False,160.28,False
Tanner Miller,178.75,140.17,155.59,False,160.23,False
Donna Mayer,175.87,158.21,141.34,False,160.21,False
Ryan Willis,153.96,173.78,154.86,True,160.18,False
Matthew Smith,163.58,145.89,169.54,False,160.06,False
Robin Parks,145.87,157.13,181.9,False,160.06,False
Felicia Perez,164.38,138.61,175.75,False,160.06,False
Jackie Perry,178.05,122.56,173.52,False,160.04,False
Timothy Foster,164.77,153.52,160.18,False,160.02,False
William Willis,175.79,166.71,132.29,False,160.02,False
Cassandra Hall,146.12,170.11,168.36,True,159.99,False
Heather Page,165.88,164.07,147.73,True,159.89,False
Steven Johnson,164.58,153.29,159.68,False,159.72,False
Alexandra Williams,158.54,162.67,158.3,False,159.71,False
Breanna Johnson,133.02,183.43,171.42,False,159.67,False
Robert Wolfe,161.03,162.25,154.93,False,159.57,False
Kenneth Morgan,150.91,167.5,162.98,False,159.51,False
Scott Cannon,159.41,170.96,148.12,False,159.49,False
Brittney Roach,169.13,132.84,173.3,False,159.49,False
Kevin Smith,164.87,175.94,135.54,True,159.39,False
Melissa Jones,158.23,173.59,146.61,False,159.35,False
Leslie Clay,153.75,167.18,158.87,False,159.31,False
Michael King,150.19,165.67,165.02,False,159.28,False
Carrie Hampton,164.96,151.85,159.13,False,159.28,False
Jimmy Williams MD,191.05,142.49,133.64,False,159.26,False
George Stevens,144.25,152.57,185.92,False,159.25,False
Andrew Lawson,148.56,195.17,137.49,False,159.22,False
Caleb Jones,174.74,144.54,153.01,False,159.16,False
Joseph Mendez,159.89,178.17,139.18,False,159.16,False
Sheila Hall,160.41,180.6,135.81,False,159.09,False
Allison Palmer,159.01,136.02,182.18,False,159.06,False
Tina Hall,147.54,169.63,163.65,False,159.0,False
Mary Strong,165.54,155.64,153.63,False,159.0,False
Emily Snyder,167.22,168.31,138.65,False,158.98,False
Tyler Roth,171.74,155.66,145.22,False,158.96,False
Cole Williams,161.19,152.02,162.82,False,158.93,False
Eric Turner,162.0,147.97,165.81,False,158.93,False
Andrew Steele,155.99,163.47,157.92,False,158.81,False
Don Young,176.94,113.18,180.22,False,158.8,False
Dennis Williams III,177.66,126.96,165.45,False,158.78,False
Ashley Love,152.04,157.27,169.08,False,158.72,False
Ricky Mendoza,167.18,149.91,156.0,False,158.65,False
Robert Scott,182.58,149.22,136.08,False,158.62,False
Ricky Davies,156.66,159.75,160.05,False,158.6,False
John Hawkins,162.0,173.76,138.83,False,158.58,False
Dylan Wood,174.53,159.28,136.29,False,158.48,False
Kelly Gallegos,161.42,129.45,183.28,False,158.39,False
Debbie Bradley,158.59,167.19,149.23,False,158.36,False
Sandra Baker,159.84,141.57,173.04,False,158.32,False
Sydney Wilson,168.18,129.21,174.25,False,158.31,False
Andres Harris,171.19,162.28,136.92,False,158.23,False
Allen Salazar,158.45,152.35,163.69,False,158.19,False
Cory Roberson,156.23,149.36,169.6,False,158.18,False
Mr. Gary Thompson,166.72,158.73,145.98,False,158.1,False
Henry Lloyd,167.29,166.1,137.42,False,157.97,False
Deborah Potts,157.27,172.33,143.57,False,157.68,False
Katherine Livingston,156.8,141.35,175.03,True,157.63,False
Roberta Hanson,158.25,123.96,190.44,True,157.62,False
Jason Scott,156.82,153.22,162.87,False,157.55,False
Jessica Jones,164.8,154.77,150.29,False,157.44,False
Jason Fisher,186.58,124.61,151.37,False,157.43,False
Joseph Nichols,160.04,165.84,144.95,False,157.25,False
Nicholas Bennett,155.11,139.7,177.6,False,157.23,False
Catherine Riley,147.04,160.77,166.67,False,157.05,False
James Thompson,159.0,155.2,155.84,False,156.91,False
Chelsea Fowler,179.09,146.33,137.47,False,156.78,False
Christopher Caldwell,156.19,163.75,150.39,True,156.72,False
Jennifer Brown,157.86,129.51,182.18,False,156.65,False
Christian Smith,158.74,143.07,167.38,False,156.63,False
Kevin Brown,155.06,147.19,168.14,False,156.62,False
Samuel Anderson,138.6,140.96,195.64,False,156.42,False
Debra Perez,172.48,112.56,178.78,False,156.39,False
Jasmine Crosby,164.01,145.29,157.29,False,156.38,False
Maria Roberts,167.94,122.88,173.85,False,156.2,False
Karla Hendricks,155.23,146.96,166.3,False,156.07,False
Megan Marsh,179.47,149.95,130.8,False,156.01,False
Theresa Hicks,150.04,172.21,147.55,False,155.95,False
Andrew Freeman,141.23,167.38,164.13,False,155.94,False
Shawn Johnson,193.83,111.4,149.98,False,155.94,False
Matthew Russell,164.76,161.88,138.15,False,155.92,False
Troy Lang,159.27,135.68,171.69,False,155.92,False
Steven Roberts,163.77,140.24,160.57,False,155.75,False
Deborah Davis,158.22,147.36,160.71,False,155.71,False
Elaine Russell,161.36,136.2,167.55,False,155.67,False
Austin Williams,179.52,131.35,147.83,False,155.56,False
Gina Miller,153.02,155.44,159.02,False,155.55,False
Douglas Hoover,163.01,169.6,131.3,False,155.48,False
Elizabeth Lewis,184.68,147.58,124.28,False,155.43,False
Janet Holmes,155.41,149.77,160.82,False,155.34,False
David Erickson,197.78,100.0,154.02,False,155.32,False
Susan Rose,162.92,132.51,167.36,False,155.13,False
Zachary Dominguez,166.54,122.95,171.79,False,155.04,False
Michael Robles,176.56,140.2,140.99,False,154.98,False
Jennifer Wallace,168.33,137.9,154.2,False,154.96,False
Mike Murray,157.0,154.51,152.65,False,154.95,False
Samantha David,173.18,168.29,117.13,False,154.9,False
Betty Smith,173.44,153.9,131.17,False,154.9,False
Jacob Curtis,135.53,166.7,168.23,False,154.69,False
Jennifer Gamble,177.96,100.0,177.86,False,154.54,False
Crystal Adams,171.9,144.93,140.98,False,154.53,False
Matthew Clark,148.39,170.15,146.98,False,154.5,False
Shane Freeman Jr.,157.23,157.4,147.6,False,154.39,False
Kaitlyn Webb,174.91,154.81,126.43,True,154.34,False
John Swanson,160.45,159.2,141.26,False,154.32,False
Cameron Francis,150.93,144.6,168.43,False,154.28,False
Randy Miller,146.12,151.12,168.23,False,154.25,False
Mackenzie Jackson,140.91,159.53,166.67,False,154.22,False
Beth Turner,160.3,143.75,156.18,False,154.1,False
Michele Ward,165.01,146.46,146.86,False,154.0,False
Rebecca Harmon,164.29,132.13,160.3,False,153.45,False
Whitney Meyers,154.01,150.54,155.2,False,153.33,False
Leon Hall,169.55,137.83,146.96,False,153.26,False
Sherry Ruiz,156.19,135.61,166.37,False,153.07,False
Alex Pugh,160.33,140.13,156.13,False,153.01,False
Johnny Soto,181.74,142.11,125.48,False,152.97,False
Kayla Rodriguez,126.53,192.98,147.37,False,152.72,False
Vincent Williams,166.76,139.58,146.93,False,152.66,False
Gregory Edwards,149.62,132.0,177.21,False,152.61,False
Michael Russo,133.18,168.37,161.73,False,152.3,False
Marcus Stout,146.02,132.27,180.08,False,152.12,False
Mary Mack,152.45,148.39,155.29,False,152.08,False
Maria Patel,167.91,108.66,174.36,False,152.07,False
Traci Drake,133.08,149.48,179.43,False,151.91,False
Kim Larsen,154.08,153.54,147.24,False,151.87,False
Glenn Lee,149.6,145.94,160.23,False,151.69,False
Rachael Padilla,149.48,137.46,168.84,False,151.68,False
Joshua Graham,166.2,150.53,133.47,False,151.68,False
Jon Harris,154.8,164.61,134.27,False,151.59,False
Kristina Hopkins,158.61,168.76,124.66,False,151.47,False
Nicholas Hicks,158.61,151.82,140.55,False,151.15,False
Michelle Holloway,152.85,130.6,169.41,False,151.14,False
Kevin Hayes,148.37,132.76,172.52,False,150.93,False
Robyn Mcdonald,156.15,148.6,146.21,False,150.9,False
Nicholas Macdonald,155.19,149.39,146.44,False,150.83,False
Benjamin Lowe,147.89,140.43,164.81,False,150.73,False
Mitchell Crawford,153.4,151.08,146.81,True,150.73,False
Nathan Jacobs,165.84,118.93,162.15,False,150.66,False
Brooke Hernandez,149.08,143.02,159.65,False,150.44,False
Michael Cochran,163.12,133.72,150.15,False,150.41,False
Mindy Rodriguez,148.2,173.89,129.73,False,150.37,False
Kayla Weber,155.92,143.53,149.81,True,150.37,False
Christopher Blake,160.83,148.25,138.52,False,150.36,False
Sean Hernandez,165.03,139.22,139.69,False,149.68,False
Michael Walters,158.36,169.32,118.31,False,149.63,False
Joseph Harris,168.35,149.92,123.57,False,149.39,False
Shannon Davis,151.19,153.73,142.62,True,149.38,False
Nicole Hernandez,167.05,119.94,154.86,False,149.26,False
Sergio Jenkins,143.43,153.26,152.2,False,149.01,False
Debra Anderson,155.19,149.66,140.05,False,148.99,False
Samuel Spencer,163.16,129.96,149.11,False,148.98,False
Sharon Ayala,146.57,140.86,156.2,False,147.75,False
Carolyn Dawson,142.46,168.16,133.35,False,147.44,False
Frank Rodriguez,142.61,158.15,142.46,False,147.23,False
Charles Adams,149.04,128.2,163.25,False,147.05,False
Bradley Stuart,152.66,129.17,157.21,True,146.98,False
Melinda Dudley,149.37,125.32,163.05,False,146.26,False
Jeremy Chapman,153.57,129.07,153.52,False,146.21,False
Jennifer Trevino,138.42,150.17,150.19,False,145.48,False
Nathan Vazquez,157.27,144.72,129.95,False,145.31,False
Anthony Riley,139.56,137.93,159.78,False,145.14,False
Rachel Rodgers,163.21,116.51,148.57,False,144.81,False
John Lee,149.8,129.09,153.4,False,144.66,False
Derek Mendez,138.63,173.62,118.96,False,143.23,False
Alexis Abbott,146.67,136.85,142.27,False,142.4,False
Jennifer Bean,157.24,117.24,139.43,False,139.9,False
Terri Anderson,133.29,122.97,152.93,False,136.09,False
